camp	lang	syst	human	bleu	bleu_lc	bleu_eff_order	bleu_eff_order_lc	macro_1gF1	macro_1gF1_lc	micro_1gF1	micro_1gF1_lc	macro_1gF_2gP	micro_1gF_2gP	macro_1gF_3gP	micro_1gF_3gP	macro_1gF_4gP	macro_1gF_4gP_lc	micro_1gF_4gP	micro_1gF_4gP_lc	macro_1gF_5gP	micro_1gF_5gP
wmt19	en-cs	CUNI-DocTransformer-T2T.6751	0.402	29.936	30.439	29.936	30.439	32.758	33.482	51.956	53.185	30.252	48.196	28.533	46.24	27.244	27.803	44.797	45.753	26.252	43.673
wmt19	en-cs	CUNI-Transformer-T2T-2018.6457	0.401	29.855	30.315	29.855	30.315	32.463	33.178	51.856	53.121	29.926	48.067	28.23	46.143	26.961	27.559	44.73	45.762	25.978	43.617
wmt19	en-cs	CUNI-Transformer-T2T-2019.6851	0.388	29.39	29.915	29.39	29.915	31.825	32.593	51.211	52.472	29.446	47.6	27.797	45.721	26.555	27.157	44.328	45.324	25.596	43.238
wmt19	en-cs	CUNI-DocTransformer-Marian.6922	0.223	28.144	28.611	28.144	28.611	30.498	31.172	49.945	51.16	28.101	46.265	26.503	44.419	25.323	25.857	43.08	44.055	24.416	42.042
wmt19	en-cs	uedin.6667	0.206	27.89	28.348	27.89	28.348	31.545	32.203	50.687	51.929	28.988	47.024	27.295	45.183	26.047	26.593	43.832	44.839	25.102	42.787
wmt19	en-cs	online-Y.0	-0.156	23.529	23.944	23.529	23.944	26.954	27.697	46.276	47.526	24.617	42.851	23.151	41.276	22.1	22.712	40.14	41.15	21.321	39.28
wmt19	en-cs	TartuNLP-c.6633	-0.195	22.816	23.434	22.816	23.434	26.169	27.005	45.618	47.026	23.952	42.31	22.548	40.705	21.529	22.261	39.553	40.747	20.764	38.679
wmt19	en-cs	online-G.0	-0.3	20.077	20.901	20.077	20.901	23.588	24.796	42.702	44.383	21.621	39.771	20.39	38.419	19.524	20.515	37.486	38.805	18.884	36.789
wmt19	en-cs	online-B.0	-0.336	21.755	22.169	21.755	22.169	25.285	25.914	44.423	45.6	23.143	41.367	21.772	39.925	20.804	21.337	38.909	39.908	20.091	38.147
wmt19	en-cs	online-A.0	-0.594	18.112	18.764	18.112	18.764	21.194	22.047	40.414	41.888	19.323	37.616	18.206	36.395	17.434	18.18	35.57	36.819	16.88	34.969
wmt19	en-cs	online-X.0	-0.651	15.012	17.8	15.012	17.8	17.754	22.489	37.523	42.046	16.262	34.733	15.372	33.533	14.764	18.218	32.735	35.933	14.324	32.161
wmt19	en-gu	online-B.0	0.663	61.518	61.518	61.518	61.518	60.784	60.784	73.96	73.96	57.81	69.713	55.737	67.198	54.066	54.066	65.256	65.256	52.668	63.653
wmt19	en-gu	GTCOM-Primary.6970	0.597	28.221	28.231	28.221	28.231	30.007	30.023	50.293	50.301	26.999	45.569	25.192	43.194	23.94	23.954	41.576	41.586	23.009	40.38
wmt19	en-gu	MSRA.CrossBERT.6991	0.318	16.542	16.542	16.542	16.542	17.555	17.555	37.855	37.855	15.665	35.368	14.662	33.985	14.028	14.028	33.05	33.05	13.599	32.407
wmt19	en-gu	UEDIN.6849	0.305	16.369	16.369	16.369	16.369	18.991	18.991	39.034	39.034	16.929	35.925	15.813	34.392	15.078	15.078	33.375	33.375	14.573	32.667
wmt19	en-gu	CUNI-T2T-transfer-engu.6466	0.254	14.263	14.263	14.263	14.263	19.955	19.955	37.813	37.813	17.951	36.379	16.876	35.773	16.182	16.182	35.351	35.351	15.722	35.053
wmt19	en-gu	Ju_Saarland_clean_num_135_bpe.6617	-0.079	21.85	21.85	21.85	21.85	19.349	19.384	41.727	41.75	17.647	38.228	16.651	36.66	15.969	15.999	35.639	35.658	15.483	34.91
wmt19	en-gu	IITP-MT.6827	-0.458	8.141	8.141	8.141	8.141	10.102	10.114	28.298	28.308	9.254	26.601	8.875	26.284	8.656	8.666	26.149	26.158	8.512	26.051
wmt19	en-gu	NICT.6604	-0.465	10.469	10.469	10.469	10.469	11.363	11.363	30.012	30.012	10.502	28.634	10.043	28.195	9.753	9.753	27.912	27.912	9.559	27.717
wmt19	en-gu	online-G.0	-0.49	8.953	8.953	8.953	8.953	17.7	17.713	36.143	36.15	14.781	30.844	13.587	29.361	12.936	12.943	28.653	28.655	12.524	28.213
wmt19	en-gu	online-X.0	-0.502	10.855	10.879	10.855	10.879	11.267	11.413	28.273	28.367	10.552	27.388	10.183	27.164	9.953	10.066	26.995	27.075	9.792	26.846
wmt19	en-gu	UdS-DFKI.6866	-0.718	6.922	6.922	6.922	6.922	10.978	10.981	27.051	27.053	9.628	25.07	9.109	24.703	8.843	8.845	24.592	24.594	8.688	24.53
wmt19	en-lt	tilde-nc-nmt.6696	0.388	18.994	19.545	18.994	19.545	23.495	24.346	40.744	42.081	21.093	37.295	19.667	35.703	18.695	19.349	34.606	35.702	18.009	33.814
wmt19	en-lt	MSRA.MASS.6954	0.387	20.079	20.478	20.079	20.478	23.258	23.741	40.866	41.914	20.832	37.179	19.479	35.466	18.545	18.867	34.286	35.044	17.874	33.42
wmt19	en-lt	tilde-c-nmt.6695	0.262	18.59	19.137	18.59	19.137	22.977	23.699	40.305	41.549	20.486	36.62	19.069	34.953	18.122	18.687	33.849	34.87	17.445	33.043
wmt19	en-lt	MSRA.MASS.6931	0.259	19.076	19.517	19.076	19.517	22.346	22.945	39.911	41.092	20.013	36.383	18.7	34.784	17.808	18.246	33.699	34.599	17.17	32.9
wmt19	en-lt	GTCOM-Primary.7001	0.155	18.11	18.566	18.11	18.566	22.397	22.952	39.841	40.953	19.959	36.104	18.589	34.221	17.663	18.097	32.956	33.832	17.007	32.044
wmt19	en-lt	eTranslation.6836	0.036	16.539	16.974	16.539	16.974	20.596	21.265	37.743	38.989	18.442	34.366	17.228	32.925	16.417	16.957	31.989	32.994	15.85	31.323
wmt19	en-lt	NEU.6760	-0.054	16.949	17.409	16.949	17.409	20.392	20.943	37.922	39.08	18.188	34.227	16.964	32.553	16.144	16.547	31.444	32.31	15.565	30.646
wmt19	en-lt	online-B.0	-0.061	14.983	15.683	14.983	15.683	17.777	18.359	34.97	36.208	15.923	31.687	14.888	30.29	14.195	14.665	29.364	30.376	13.712	28.711
wmt19	en-lt	TartuNLP-c.6510	-0.383	12.329	12.731	12.329	12.731	14.502	14.87	31.896	32.977	12.828	28.708	12.001	27.48	11.467	11.77	26.696	27.6	11.096	26.151
wmt19	en-lt	online-A.0	-0.62	9.048	9.45	9.048	9.45	13.588	14.193	29.738	30.971	11.791	26.766	10.967	25.669	10.484	10.949	25.077	26.191	10.165	24.695
wmt19	en-lt	online-X.0	-0.666	9.618	11.392	9.618	11.392	12.75	15.509	28.836	32.44	11.352	25.85	10.647	24.664	10.202	12.201	23.964	26.686	9.904	23.492
wmt19	en-lt	online-G.0	-0.805	8.418	9.168	8.418	9.168	12.616	13.726	28.69	30.5	11.003	25.644	10.262	24.485	9.822	10.658	23.832	25.209	9.536	23.398
wmt19	de-cs	online-Y.0	0.426	21.015	21.48	21.015	21.48	24.521	25.293	43.599	44.968	22.364	40.385	21.062	39.041	20.133	20.769	38.081	39.168	19.451	37.361
wmt19	de-cs	online-B.0	0.386	19.54	19.957	19.54	19.957	23.226	23.99	41.997	43.35	21.263	39.247	20.059	38.073	19.211	19.843	37.25	38.373	18.582	36.627
wmt19	de-cs	NICT.6938	0.367	20.049	20.485	20.049	20.485	22.684	23.292	42.103	43.381	20.82	39.15	19.632	37.817	18.792	19.329	36.875	37.974	18.163	36.166
wmt19	de-cs	online-G.0	0.319	17.865	18.851	17.865	18.851	21.756	23.223	40.657	42.577	19.897	37.974	18.746	36.808	17.939	19.142	36.008	37.521	17.349	35.412
wmt19	de-cs	NEU_KingSoft.6766	0.179	18.859	19.223	18.859	19.223	20.934	21.512	40.607	41.877	19.063	37.587	17.974	36.367	17.223	17.7	35.538	36.603	16.666	34.908
wmt19	de-cs	online-A.0	0.134	16.44	17.055	16.44	17.055	19.853	20.708	38.824	40.335	18.061	36.115	17.047	35.06	16.354	17.066	34.358	35.585	15.865	33.852
wmt19	de-cs	lmu-unsup-nmt-de-cs.6845	-0.099	17.03	17.414	17.03	17.414	18.526	19.124	38.147	39.482	16.919	35.479	15.981	34.515	15.334	15.875	33.866	35.119	14.866	33.38
wmt19	de-cs	CUNI-Unsupervised-NER-post.6934	-0.165	14.073	14.389	14.073	14.389	18.697	19.186	37.342	38.539	16.909	34.928	15.932	34.103	15.291	15.685	33.566	34.593	14.837	33.166
wmt19	de-cs	Unsupervised.de-cs.6929	-0.328	17.748	18.046	17.748	18.046	18.263	18.741	38.118	39.205	16.692	35.31	15.774	34.311	15.132	15.544	33.627	34.634	14.658	33.104
wmt19	de-cs	Unsupervised.de-cs.6935	-0.405	16.055	16.348	16.055	16.348	17.148	17.656	36.694	37.843	15.618	33.934	14.748	33.011	14.148	14.584	32.395	33.419	13.72	31.935
wmt19	de-cs	CAiRE.6949	-0.807	10.243	10.565	10.243	10.565	11.331	11.775	30.591	31.801	10.483	28.361	10.048	27.93	9.778	10.138	27.719	28.744	9.591	27.574
wmt19	en-kk	UAlacant_-_NMT.6718	0.262	9.975	10.481	9.975	10.481	16.303	16.799	30.184	31.307	14.436	27.893	13.458	26.845	12.841	13.22	26.151	27.03	12.419	25.661
wmt19	en-kk	online-B.0	0.243	16.887	17.233	16.887	17.233	20.653	20.883	34.962	35.857	18.853	32.821	17.821	31.848	17.127	17.314	31.165	31.846	16.636	30.675
wmt19	en-kk	UAlacant_-_NMT+RBMT.6722	0.222	9.9	10.429	9.9	10.429	16.209	16.795	29.945	31.139	14.334	27.629	13.363	26.613	12.752	13.198	25.934	26.859	12.335	25.451
wmt19	en-kk	NEU.6755	0.126	11.114	11.55	11.114	11.55	16.182	16.571	30.608	31.734	14.385	28.107	13.46	27.157	12.87	13.209	26.554	27.501	12.462	26.128
wmt19	en-kk	MSRA.CrossBERT.6874	0.108	10.624	10.953	10.624	10.953	14.485	14.822	29.061	30.107	12.925	27.091	12.113	26.215	11.605	11.869	25.635	26.476	11.262	25.233
wmt19	en-kk	CUNI-T2T-transfer-enkk.6554	0.097	8.701	9.242	8.701	9.242	14.539	15.095	28.166	29.516	12.821	25.956	11.958	25.151	11.447	11.912	24.655	25.789	11.111	24.315
wmt19	en-kk	online-G.0	0.078	13.193	14.042	13.193	14.042	18.521	19.421	32.852	34.469	16.428	30.055	15.349	28.864	14.673	15.419	28.106	29.37	14.218	27.59
wmt19	en-kk	rug_enkk_bpe.6804	-0.049	10.301	10.826	10.301	10.826	15.797	16.17	29.353	30.365	14.162	27.412	13.273	26.567	12.707	13.035	25.998	26.888	12.325	25.616
wmt19	en-kk	talp_upc_2019_enkk.6355	-0.328	6.45	6.991	6.45	6.991	11.198	11.586	23.928	25.016	10.056	22.689	9.517	22.367	9.192	9.528	22.166	23.088	8.974	22.019
wmt19	en-kk	NICT.6550	-0.493	6.426	6.733	6.426	6.733	10.284	10.476	23.016	23.936	9.208	21.774	8.727	21.512	8.437	8.62	21.336	22.138	8.255	21.221
wmt19	en-kk	DBMS-KU_ENKK.6730	-1.395	0.952	1.201	0.952	1.201	3.684	4.317	12.504	14.427	3.198	12.012	3.045	11.873	2.96	3.447	11.727	13.342	2.901	11.583
wmt19	fi-en	MSRA.NAO.6983	0.285	31.891	32.936	31.891	32.936	41.058	42.714	60.473	62.609	37.454	55.688	35.223	53.388	33.594	34.853	51.704	53.022	32.379	50.395
wmt19	fi-en	online-Y.0	0.265	29.865	30.972	29.865	30.972	38.1	39.797	58.592	60.781	34.785	53.935	32.746	51.763	31.263	32.587	50.202	51.598	30.167	49.003
wmt19	fi-en	GTCOM-Primary.6946	0.261	31.45	32.549	31.45	32.549	40.873	42.711	60.531	62.735	37.279	55.489	35.05	53.095	33.426	34.784	51.377	52.707	32.207	50.046
wmt19	fi-en	USYD.6995	0.245	33.028	34.05	33.028	34.05	38.599	40.115	59.887	61.929	35.462	55.175	33.525	53.09	32.127	33.257	51.591	52.82	31.073	50.41
wmt19	fi-en	online-B.0	0.107	26.971	28.018	26.971	28.018	34.746	36.845	55.83	58.227	31.892	51.782	30.128	50.001	28.847	30.442	48.722	50.215	27.896	47.736
wmt19	fi-en	Helsinki_NLP.6889	0.105	26.666	27.621	26.666	27.621	34.001	35.405	55.287	57.445	31.132	51.038	29.39	49.163	28.117	29.125	47.805	49.085	27.173	46.762
wmt19	fi-en	online-A.0	0.012	23.851	25.049	23.851	25.049	31.944	33.856	53.107	55.578	29.092	49.138	27.516	47.582	26.434	27.812	46.498	48.009	25.641	45.674
wmt19	fi-en	online-G.0	-0.044	21.002	22.639	21.002	22.639	31.396	34.557	51.34	54.692	28.337	47.463	26.775	46.209	25.741	28.024	45.381	47.332	25.016	44.761
wmt19	fi-en	TartuNLP-c.6905	-0.053	23.909	24.8	23.909	24.8	29.645	30.862	52.264	54.443	27.128	48.571	25.636	47.174	24.608	25.549	46.197	47.59	23.868	45.433
wmt19	fi-en	online-X.0	-0.071	22.192	24.938	22.192	24.938	26.376	32.09	49.53	54.252	24.428	46.557	23.293	45.246	22.471	26.541	44.283	47.313	21.868	43.541
wmt19	fi-en	parfda.6526	-0.209	19.202	20.254	19.202	20.254	28.696	30.997	49.273	52.299	26.14	46.594	24.77	45.71	23.871	25.518	45.075	46.716	23.24	44.589
wmt19	fi-en	apertium-fin-eng-unconstrained-fien.6449	-0.516	7.563	8.184	7.563	8.184	21.926	24.245	37.135	39.966	18.995	35.535	17.769	35.801	17.11	18.763	36.114	38.108	16.725	36.414
wmt19	zh-en	Baidu-system.6940	0.295	37.968	39.26	37.968	39.26	42.838	44.916	65.495	67.616	39.702	59.763	37.685	57.312	36.166	37.759	55.621	56.879	35.013	54.329
wmt19	zh-en	KSAI-system.6927	0.266	37.457	38.761	37.457	38.761	41.497	43.856	64.657	66.861	38.574	59.064	36.7	56.707	35.275	37.107	55.09	56.407	34.183	53.844
wmt19	zh-en	MSRA.MASS.6996	0.203	39.334	40.536	39.334	40.536	44.354	46.62	66.372	68.397	41.234	61.162	39.241	58.865	37.75	39.562	57.26	58.507	36.609	56.011
wmt19	zh-en	MSRA.MASS.6942	0.195	38.291	39.54	38.291	39.54	43.854	46.127	65.817	67.889	40.799	60.803	38.833	58.594	37.354	39.13	57.046	58.298	36.225	55.836
wmt19	zh-en	NEU.6832	0.193	34.191	35.447	34.191	35.447	40.138	42.135	63.104	65.281	37.263	58.077	35.405	55.956	34.016	35.565	54.495	55.772	32.965	53.366
wmt19	zh-en	BTRANS.6825	0.186	33.438	34.667	33.438	34.667	39.669	41.891	62.326	64.602	36.668	57.415	34.836	55.379	33.496	35.131	53.989	55.309	32.49	52.919
wmt19	zh-en	online-B.0	0.161	42.215	43.405	42.215	43.405	42.978	45.21	66.806	68.869	40.369	61.899	38.715	59.893	37.457	39.246	58.501	59.778	36.481	57.414
wmt19	zh-en	BTRANS-ensemble.6992	0.103	33.837	35.056	33.837	35.056	39.909	42.113	62.481	64.756	36.929	57.659	35.098	55.623	33.746	35.378	54.22	55.543	32.73	53.14
wmt19	zh-en	UEDIN.6530	0.054	27.65	28.949	27.65	28.949	34.011	35.985	57.749	60.152	31.676	53.664	30.318	52.36	29.333	30.842	51.523	52.895	28.598	50.874
wmt19	zh-en	online-Y.0	0.049	28.709	29.856	28.709	29.856	35.004	37.227	58.821	61.151	32.395	54.644	30.905	53.48	29.848	31.439	52.759	54.107	29.08	52.205
wmt19	zh-en	NICT.6814	0.001	30.993	32.256	30.993	32.256	32.926	34.713	58.96	61.325	30.69	53.898	29.335	51.925	28.328	29.683	50.623	52.028	27.558	49.638
wmt19	zh-en	online-A.0	-0.065	28.836	30.722	28.836	30.722	36.523	39.883	59.753	62.789	33.682	55.035	32.099	53.522	30.963	33.435	52.576	54.362	30.127	51.867
wmt19	zh-en	online-G.0	-0.202	25.24	27.304	25.24	27.304	32.108	35.52	56.283	59.706	29.767	52.732	28.477	51.685	27.589	30.032	51.035	52.967	26.949	50.54
wmt19	zh-en	online-X.0	-0.483	21.437	24.537	21.437	24.537	25.209	31.617	52.017	57.387	23.858	48.418	23.081	47.469	22.524	27.219	46.925	50.133	22.116	46.529
wmt19	zh-en	Apprentice-c.6706	-0.957	16.94	17.667	16.94	17.667	22.705	24.116	47.587	49.703	22.498	47.52	22.239	47.631	21.98	23.263	47.59	49.196	21.776	47.513
wmt19	en-zh	KSAI-system.6982	0.306	42.409	42.41	42.409	42.41	51.747	51.842	68.035	68.048	49.376	62.754	47.609	60.893	46.2	46.346	59.612	59.639	45.024	58.54
wmt19	en-zh	Baidu-system.6932	0.28	42.37	42.391	42.37	42.391	57.327	57.866	68.707	68.753	54.219	63.547	51.942	61.698	50.11	50.579	60.404	60.448	48.619	59.323
wmt19	en-zh	NEU.6830	0.209	39.883	39.906	39.883	39.906	47.321	47.864	66.145	66.193	45.351	61.601	43.811	59.94	42.524	43.026	58.721	58.778	41.46	57.697
wmt19	en-zh	online-A.0	0.052	31.236	31.293	31.236	31.293	37.743	38.893	58.332	58.448	35.885	54.384	34.73	53.26	33.873	34.95	52.481	52.611	33.19	51.817
wmt19	en-zh	xzl-nmt.6847	0.042	35.599	35.603	35.599	35.603	44.909	45.054	63.462	63.477	43.345	59.672	42.091	58.602	41.035	41.229	57.812	57.841	40.159	57.116
wmt19	en-zh	UEDIN.6158	0.017	34.375	34.389	34.375	34.389	42.897	43.377	62.72	62.765	40.983	58.648	39.685	57.655	38.681	39.126	56.986	57.032	37.861	56.387
wmt19	en-zh	BTRANS.6821	0.009	38.303	38.309	38.303	38.309	51.65	51.905	65.075	65.096	47.776	60.03	45.314	58.527	43.718	43.971	57.532	57.556	42.53	56.696
wmt19	en-zh	NICT.6817	0.0	34.474	34.48	34.474	34.48	34.598	34.84	61.428	61.455	33.015	56.795	32.111	55.538	31.407	31.636	54.719	54.747	30.827	54.034
wmt19	en-zh	online-B.0	-0.125	36.909	36.91	36.909	36.91	53.802	53.842	65.322	65.33	50.368	60.854	48.068	59.419	46.509	46.568	58.402	58.413	45.335	57.543
wmt19	en-zh	online-Y.0	-0.218	32.383	32.394	32.383	32.394	42.027	42.253	61.562	61.586	39.578	57.37	38.205	56.578	37.26	37.5	56.091	56.12	36.526	55.646
wmt19	en-zh	online-G.0	-0.262	30.171	30.199	30.171	30.199	47.848	48.349	60.544	60.597	44.954	57.268	43.055	56.429	41.786	42.28	55.798	55.857	40.848	55.244
wmt19	en-zh	online-X.0	-0.553	24.259	24.517	24.259	24.517	30.793	39.684	51.061	52.031	29.652	50.035	28.835	49.743	28.218	35.003	49.369	50.154	27.737	48.995
wmt19	fr-de	MSRA.MADL.6893	0.267	35.042	35.754	35.042	35.754	35.998	36.752	58.698	60.206	33.064	53.747	31.223	51.414	29.832	30.435	49.728	50.604	28.742	48.412
wmt19	fr-de	eTranslation.6262	0.246	32.715	33.324	32.715	33.324	33.7	34.352	56.315	57.791	30.953	52.024	29.227	50.035	27.927	28.445	48.563	49.477	26.92	47.408
wmt19	fr-de	LIUM.6720	0.082	29.687	30.406	29.687	30.406	31.412	32.115	54.549	56.2	28.711	49.815	27.077	47.61	25.874	26.413	46.048	47.005	24.944	44.847
wmt19	fr-de	MLLP-UPV.6654	0.037	27.47	28.159	27.47	28.159	29.302	29.97	52.261	53.774	26.665	47.831	25.079	45.769	23.942	24.498	44.328	45.315	23.081	43.232
wmt19	fr-de	online-Y.0	0.001	25.437	25.943	25.437	25.943	27.107	27.748	49.638	51.05	24.667	45.573	23.202	43.91	22.15	22.658	42.733	43.623	21.365	41.828
wmt19	fr-de	online-G.0	-0.018	24.222	27.543	24.222	27.543	26.016	29.635	49.505	53.413	23.575	45.312	22.153	43.519	21.142	24.069	42.292	45.079	20.387	41.368
wmt19	fr-de	online-B.0	-0.034	26.404	26.99	26.404	26.99	28.12	28.818	50.931	52.443	25.603	46.852	24.067	45.107	22.964	23.499	43.878	44.823	22.147	42.944
wmt19	fr-de	online-A.0	-0.039	26.75	27.66	26.75	27.66	28.586	29.401	51.991	53.64	26.081	47.48	24.552	45.51	23.452	24.149	44.146	45.225	22.618	43.105
wmt19	fr-de	TartuNLP-c.6514	-0.098	24.813	25.58	24.813	25.58	26.085	26.733	49.478	51.045	23.699	45.517	22.247	43.796	21.225	21.764	42.596	43.593	20.474	41.687
wmt19	fr-de	online-X.0	-0.41	22.623	24.569	22.623	24.569	24.637	26.748	48.306	50.951	22.196	43.91	20.803	41.918	19.828	21.408	40.578	42.194	19.107	39.601
wmt19	ru-en	Facebook_FAIR.6937	0.156	39.989	41.316	39.989	41.316	45.399	47.528	65.521	67.601	41.726	60.123	39.437	57.458	37.738	39.316	55.556	56.734	36.408	54.073
wmt19	ru-en	online-G.0	0.134	38.51	41.25	38.51	41.25	42.993	47.687	63.502	67.155	39.452	58.38	37.245	55.765	35.618	39.552	53.869	56.724	34.371	52.407
wmt19	ru-en	eTranslation.6598	0.122	37.435	38.698	37.435	38.698	41.743	43.497	63.16	65.235	38.242	58.09	36.066	55.644	34.499	35.727	53.893	55.061	33.291	52.53
wmt19	ru-en	online-B.0	0.121	45.278	46.599	45.278	46.599	47.889	50.06	67.446	69.49	44.685	62.527	42.512	60.034	40.837	42.49	58.179	59.432	39.506	56.711
wmt19	ru-en	NEU.6803	0.115	40.004	41.14	40.004	41.14	45.729	47.554	65.272	67.229	42.001	60.275	39.648	57.604	37.906	39.225	55.598	56.75	36.545	54.014
wmt19	ru-en	MSRA.SCA.6976	0.102	40.083	41.373	40.083	41.373	46.263	48.347	65.149	67.256	42.462	60.358	40.114	57.837	38.392	39.99	55.969	57.286	37.067	54.5
wmt19	ru-en	rerank-re.6540	0.084	37.534	38.731	37.534	38.731	42.346	44.241	63.376	65.504	38.879	58.329	36.746	55.827	35.171	36.511	53.997	55.26	33.943	52.562
wmt19	ru-en	online-Y.0	0.076	37.049	38.282	37.049	38.282	41.095	43.061	62.013	64.135	37.841	57.326	35.764	55.223	34.234	35.65	53.675	54.924	33.06	52.448
wmt19	ru-en	online-A.0	0.029	35.572	37.416	35.572	37.416	38.628	41.482	61.278	63.974	35.495	56.399	33.565	54.085	32.149	34.283	52.399	54.144	31.056	51.075
wmt19	ru-en	afrl-syscomb19.6782	0.012	37.197	38.445	37.197	38.445	41.262	43.258	62.731	64.849	37.968	57.878	35.921	55.441	34.4	35.917	53.666	55.033	33.221	52.271
wmt19	ru-en	afrl-ewc.6659	-0.039	34.312	35.531	34.312	35.531	37.3	38.879	60.49	62.551	34.152	55.354	32.226	53.007	30.836	31.948	51.36	52.563	29.788	50.091
wmt19	ru-en	TartuNLP-u.6650	-0.04	30.76	31.977	30.76	31.977	33.929	35.547	57.779	60.002	31.086	53.091	29.352	51.044	28.098	29.222	49.625	50.886	27.159	48.533
wmt19	ru-en	online-X.0	-0.097	30.416	34.729	30.416	34.729	30.535	38.423	55.932	61.55	28.495	51.946	27.107	49.99	26.045	32.031	48.543	52.453	25.223	47.416
wmt19	ru-en	NICT.6561	-0.303	28.212	29.137	28.212	29.137	27.452	28.279	53.525	55.417	25.363	49.838	24.046	48.099	23.08	23.71	46.798	47.976	22.347	45.766
wmt19	kk-en	online-B.0	0.27	31.988	33.801	31.988	33.801	36.956	38.959	57.036	59.704	34.092	52.998	32.374	51.171	31.162	32.624	49.904	51.589	30.262	48.931
wmt19	kk-en	NEU.6753	0.218	30.482	32.468	30.482	32.468	37.536	40.292	56.943	59.965	34.169	52.279	32.077	50.006	30.598	32.724	48.407	50.535	29.526	47.197
wmt19	kk-en	rug_kken_morfessor.6677	0.189	27.944	29.882	27.944	29.882	35.182	37.646	54.388	57.267	32.044	50.11	30.098	48.032	28.764	30.614	46.596	48.587	27.806	45.524
wmt19	kk-en	online-G.0	0.133	25.722	28.72	25.722	28.72	31.719	35.696	52.247	56.528	28.721	47.75	27.05	46.003	25.921	29.015	44.807	47.893	25.11	43.909
wmt19	kk-en	talp_upc_2019_kken.6657	0.113	24.923	26.952	24.923	26.952	31.725	34.63	51.517	54.717	28.918	47.811	27.319	46.204	26.265	28.397	45.116	47.328	25.503	44.288
wmt19	kk-en	NRC-CNRC.6895	0.092	24.937	26.616	24.937	26.616	31.823	33.707	52.6	55.336	28.681	47.635	26.936	45.691	25.762	27.117	44.432	46.184	24.923	43.513
wmt19	kk-en	Frank_s_MT.6127	0.066	19.778	21.093	19.778	21.093	31.769	33.994	49.967	52.404	28.722	46.194	26.911	44.146	25.642	27.239	42.621	44.202	24.715	41.412
wmt19	kk-en	NICT.6770	0.064	26.213	28.099	26.213	28.099	31.33	33.33	52.171	54.987	28.766	48.033	27.164	46.19	26.061	27.542	44.941	46.83	25.258	44.012
wmt19	kk-en	CUNI-T2T-transfer-kken.6436	0.003	18.485	20.063	18.485	20.063	26.043	28.16	45.394	48.407	24.029	43.641	22.92	43.191	22.205	23.789	42.854	44.915	21.706	42.574
wmt19	kk-en	UMD.6736	-0.477	9.196	9.939	9.196	9.939	11.93	12.887	29.176	30.928	12.298	32.975	12.329	34.486	12.248	13.177	34.991	37.029	12.155	35.09
wmt19	kk-en	DBMS-KU_KKEN.6726	-1.058	3.405	3.947	3.405	3.947	5.168	6.221	22.479	25.289	4.611	21.789	4.478	22.341	4.411	5.226	22.757	25.456	4.369	23.032
wmt19	gu-en	NEU.6756	0.21	24.9	26.543	24.9	26.543	30.518	32.801	50.913	53.762	27.757	46.974	26.174	45.357	25.047	26.747	44.251	46.268	24.223	43.422
wmt19	gu-en	UEDIN.6534	0.126	21.447	23.132	21.447	23.132	26.813	29.168	47.547	50.541	24.292	43.749	22.895	42.247	21.953	23.718	41.289	43.357	21.278	40.579
wmt19	gu-en	GTCOM-Primary.6969	0.1	17.481	19.311	17.481	19.311	25.157	27.943	45.45	49.061	22.505	42.111	21.234	41.093	20.421	22.254	40.472	42.621	19.866	40.037
wmt19	gu-en	CUNI-T2T-transfer-guen.6431	0.09	17.447	19.122	17.447	19.122	23.586	25.99	43.703	47.026	21.441	41.136	20.314	40.405	19.568	21.421	39.919	42.216	19.037	39.543
wmt19	gu-en	aylien_mt_gu-en_multilingual.6826	0.066	16.792	18.377	16.792	18.377	25.269	27.573	44.835	47.949	22.822	42.159	21.547	41.332	20.72	22.332	40.823	42.853	20.159	40.464
wmt19	gu-en	NICT.6603	0.044	17.218	18.564	17.218	18.564	23.434	25.629	43.639	46.652	21.345	40.908	20.267	40.081	19.56	21.286	39.557	41.757	19.071	39.161
wmt19	gu-en	online-G.0	-0.189	8.846	10.219	8.846	10.219	23.182	26.801	40.069	44.191	19.993	37.249	18.735	36.724	18.022	20.475	36.509	38.874	17.565	36.389
wmt19	gu-en	IITP-MT.6824	-0.192	9.376	10.411	9.376	10.411	16.243	17.754	35.869	38.71	14.639	34.259	13.952	34.186	13.566	14.793	34.191	36.337	13.337	34.23
wmt19	gu-en	UdS-DFKI.6861	-0.277	9.552	10.751	9.552	10.751	17.354	19.127	36.317	39.841	15.487	34.465	14.747	34.09	14.326	15.642	33.907	36.226	14.061	33.778
wmt19	gu-en	IIITH-MT.6688	-0.296	6.761	9.818	6.761	9.818	9.495	14.177	28.842	35.201	8.889	28.491	8.704	28.885	8.61	12.463	29.194	34.387	8.559	29.43
wmt19	gu-en	Ju_Saarland.6525	-0.598	11.854	12.757	11.854	12.757	14.419	15.106	34.043	36.294	13.876	35.243	13.509	35.792	13.236	13.95	35.987	38.074	13.036	36.034
wmt19	lt-en	GTCOM-Primary.6998	0.234	36.29	37.614	36.29	37.614	44.965	46.694	64.35	66.174	41.088	58.905	38.659	56.281	36.871	38.105	54.385	55.459	35.507	52.917
wmt19	lt-en	tilde-nc-nmt.6881	0.216	31.552	32.592	31.552	32.592	42.47	43.785	61.685	63.396	38.736	56.798	36.506	54.651	34.924	35.835	53.16	54.115	33.723	52.0
wmt19	lt-en	NEU.6759	0.213	34.254	35.491	34.254	35.491	43.553	45.091	62.907	64.666	39.568	57.249	37.116	54.508	35.348	36.433	52.588	53.664	34.027	51.146
wmt19	lt-en	MSRA.MASS.6945	0.206	35.485	36.678	35.485	36.678	44.246	45.552	63.495	65.196	40.214	57.786	37.787	55.08	36.015	36.886	53.162	54.131	34.679	51.701
wmt19	lt-en	tilde-c-nmt.6876	0.202	30.26	31.411	30.26	31.411	40.63	42.248	60.232	62.194	36.976	55.483	34.811	53.399	33.287	34.471	51.952	53.181	32.145	50.852
wmt19	lt-en	online-B.0	0.107	29.457	30.662	29.457	30.662	40.578	42.554	60.067	62.165	36.921	55.109	34.764	52.931	33.264	34.699	51.471	52.711	32.151	50.376
wmt19	lt-en	online-A.0	-0.056	24.346	25.824	24.346	25.824	33.053	34.977	54.877	57.414	29.86	49.907	28.085	47.977	26.893	28.151	46.774	48.231	26.047	45.916
wmt19	lt-en	TartuNLP-c.6908	-0.059	24.141	25.274	24.141	25.274	32.277	33.504	54.39	56.449	29.221	49.903	27.52	48.161	26.375	27.239	47.02	48.328	25.555	46.181
wmt19	lt-en	online-G.0	-0.284	19.488	21.684	19.488	21.684	31.124	33.948	52.387	55.933	27.474	47.273	25.675	45.516	24.526	26.685	44.455	46.739	23.736	43.713
wmt19	lt-en	JUMT.6616	-0.337	16.573	17.645	16.573	17.645	22.396	23.598	44.931	47.312	20.684	43.008	19.786	42.643	19.206	20.0	42.427	43.893	18.804	42.259
wmt19	lt-en	online-X.0	-0.396	17.572	21.351	17.572	21.351	24.082	30.957	47.034	53.088	22.086	44.172	21.019	43.176	20.321	25.312	42.538	46.384	19.832	42.065
wmt19	en-de	Facebook_FAIR.6862	0.347	42.665	43.057	42.665	43.057	42.925	43.409	63.751	64.535	39.813	58.928	37.752	56.498	36.168	36.542	54.692	55.143	34.905	53.244
wmt19	en-de	Microsoft-WMT19-sentence_document.6974	0.311	43.925	44.262	43.925	44.262	43.725	44.174	64.222	64.985	40.624	59.628	38.568	57.283	36.977	37.321	55.538	55.985	35.712	54.138
wmt19	en-de	Microsoft-WMT19-document-level.6808	0.296	43.849	44.161	43.849	44.161	43.565	44.004	64.142	64.911	40.49	59.536	38.464	57.22	36.891	37.208	55.495	55.92	35.622	54.104
wmt19	en-de	MSRA.MADL.6926	0.214	44.926	45.235	44.926	45.235	44.551	45.009	64.781	65.532	41.396	60.14	39.309	57.69	37.707	38.068	55.86	56.306	36.421	54.386
wmt19	en-de	UCAM.6731	0.213	43.009	43.414	43.009	43.414	42.644	43.235	63.321	64.157	39.694	58.86	37.727	56.562	36.195	36.636	54.856	55.359	34.972	53.489
wmt19	en-de	NEU.6763	0.208	43.524	43.85	43.524	43.85	43.31	43.753	63.864	64.635	40.226	59.192	38.2	56.787	36.647	36.997	55.02	55.48	35.415	53.61
wmt19	en-de	MLLP-UPV.6651	0.189	41.723	42.095	41.723	42.095	41.579	42.097	62.727	63.533	38.533	57.981	36.561	55.533	35.045	35.491	53.73	54.289	33.832	52.296
wmt19	en-de	eTranslation.6823	0.13	41.9	42.266	41.9	42.266	41.069	41.548	62.634	63.476	38.215	58.221	36.321	55.981	34.85	35.22	54.32	54.83	33.672	52.977
wmt19	en-de	dfki-nmt.6479	0.119	41.566	43.052	41.566	43.052	39.983	41.915	62.007	63.662	37.124	57.442	35.255	55.081	33.813	35.503	53.336	54.603	32.665	51.947
wmt19	en-de	online-B.0	0.094	41.239	41.645	41.239	41.645	42.209	42.733	62.38	63.199	39.195	58.071	37.275	55.819	35.806	36.223	54.149	54.715	34.642	52.822
wmt19	en-de	Microsoft-WMT19-sentence-level.6785	0.094	42.968	43.341	42.968	43.341	42.984	43.484	63.637	64.425	39.952	59.024	37.956	56.807	36.421	36.815	55.176	55.64	35.202	53.864
wmt19	en-de	JHU.6819	0.081	42.517	42.891	42.517	42.891	40.989	41.493	62.622	63.447	38.115	58.159	36.199	55.867	34.723	35.144	54.169	54.711	33.536	52.793
wmt19	en-de	Helsinki-NLP.6820	0.077	41.411	41.888	41.411	41.888	41.316	41.833	62.408	63.231	38.325	57.803	36.429	55.574	34.972	35.385	53.929	54.416	33.798	52.6
wmt19	en-de	online-Y.0	0.038	42.024	42.348	42.024	42.348	42.267	42.669	62.973	63.713	39.265	58.453	37.317	56.259	35.817	36.147	54.648	55.093	34.626	53.353
wmt19	en-de	lmu-ctx-tf-single-en-de.6981	0.01	40.306	40.645	40.306	40.645	40.427	40.971	61.62	62.444	37.438	57.077	35.521	54.891	34.079	34.501	53.289	53.785	32.929	51.997
wmt19	en-de	PROMT_NMT_EN-DE.6674	0.001	37.941	38.324	37.941	38.324	36.937	37.3	59.653	60.474	34.096	54.955	32.277	52.703	30.886	31.166	51.074	51.607	29.787	49.783
wmt19	en-de	online-A.0	-0.072	41.03	41.384	41.03	41.384	39.952	40.365	61.565	62.329	37.063	57.058	35.193	54.721	33.767	34.142	53.012	53.556	32.629	51.654
wmt19	en-de	online-G.0	-0.119	35.143	39.634	35.143	39.634	35.567	40.537	57.919	61.953	32.818	53.569	31.05	51.431	29.691	34.227	49.856	53.754	28.629	48.616
wmt19	en-de	UdS-DFKI.6871	-0.129	38.648	39.007	38.648	39.007	38.744	39.181	60.064	60.872	35.874	55.777	34.035	53.644	32.635	32.982	52.078	52.604	31.529	50.822
wmt19	en-de	TartuNLP-c.6508	-0.132	36.428	36.84	36.428	36.84	35.582	36.023	58.073	58.929	32.777	53.762	31.025	51.61	29.708	30.082	50.055	50.649	28.665	48.825
wmt19	en-de	online-X.0	-0.4	29.476	31.935	29.476	31.935	28.872	32.61	53.21	56.143	26.318	48.829	24.761	46.662	23.614	26.519	45.146	47.222	22.749	44.006
wmt19	en-de	en_de_task.6790	-1.769	16.853	17.095	16.853	17.095	16.65	16.732	40.249	41.009	15.554	38.604	14.88	38.255	14.397	14.463	37.973	38.517	14.046	37.741
wmt19	en-ru	Facebook_FAIR.6724	0.506	36.342	36.937	36.342	36.937	33.643	34.113	55.21	56.166	31.718	51.569	30.154	49.455	28.889	29.364	47.816	48.615	27.873	46.509
wmt19	en-ru	USTC-MCC.6795	0.332	34.667	35.199	34.667	35.199	32.204	32.66	53.732	54.702	30.269	50.147	28.754	48.114	27.542	27.998	46.556	47.346	26.572	45.319
wmt19	en-ru	online-G.0	0.279	32.701	33.616	32.701	33.616	30.314	31.179	52.331	53.635	28.592	49.08	27.214	47.285	26.115	26.934	45.908	47.023	25.241	44.808
wmt19	en-ru	online-B.0	0.269	30.527	31.1	30.527	31.1	29.095	29.605	50.547	51.591	27.394	47.729	26.053	46.258	24.994	25.494	45.088	45.964	24.153	44.146
wmt19	en-ru	NEU.6773	0.223	33.983	34.486	33.983	34.486	30.855	31.313	52.916	53.881	29.008	49.293	27.559	47.303	26.398	26.858	45.767	46.57	25.466	44.54
wmt19	en-ru	PROMT_NMT_EN-RU.6989	0.219	30.669	31.14	30.669	31.14	28.334	28.596	50.777	51.683	26.54	47.243	25.179	45.374	24.124	24.4	43.982	44.711	23.288	42.886
wmt19	en-ru	online-Y.0	0.156	28.935	29.443	28.935	29.443	27.196	27.568	48.92	49.865	25.517	45.732	24.215	44.217	23.2	23.559	43.087	43.851	22.409	42.216
wmt19	en-ru	rerank-er.6572	-0.188	27.746	28.225	27.746	28.225	24.448	24.814	47.131	48.113	23.011	44.476	21.911	43.068	21.036	21.426	41.954	42.816	20.353	41.066
wmt19	en-ru	online-A.0	-0.268	22.774	23.744	22.774	23.744	22.247	23.103	44.238	45.721	20.71	41.404	19.625	40.095	18.824	19.609	39.137	40.402	18.224	38.416
wmt19	en-ru	TartuNLP-u.6645	-0.31	24.836	25.343	24.836	25.343	21.542	21.966	44.328	45.396	20.179	41.354	19.19	39.97	18.432	18.836	38.943	39.829	17.849	38.146
wmt19	en-ru	online-X.0	-0.363	23.12	25.78	23.12	25.78	21.272	24.171	43.871	47.049	19.817	40.484	18.793	38.864	18.033	20.296	37.736	40.103	17.456	36.9
wmt19	en-ru	NICT.6563	-1.27	13.912	14.205	13.912	14.205	12.205	12.526	32.174	33.086	11.846	32.701	11.488	32.992	11.185	11.576	33.033	34.079	10.943	32.988
wmt19	en-fi	GTCOM-Primary.6917	0.586	25.477	25.995	25.477	25.995	26.38	26.916	45.759	46.804	23.976	41.977	22.501	40.208	21.457	21.863	38.99	39.803	20.682	38.074
wmt19	en-fi	MSRA.NAO.6985	0.57	27.434	27.866	27.434	27.866	27.447	27.931	46.886	47.873	25.032	42.984	23.517	41.098	22.429	22.774	39.785	40.539	21.604	38.787
wmt19	en-fi	online-Y.0	0.275	20.406	20.867	20.406	20.867	22.571	23.171	40.605	41.726	20.417	37.513	19.145	36.276	18.291	18.731	35.493	36.354	17.673	34.918
wmt19	en-fi	NICT.6359	0.199	23.226	23.728	23.226	23.728	23.162	23.631	42.614	43.645	20.958	38.978	19.644	37.34	18.749	19.094	36.246	37.041	18.094	35.436
wmt19	en-fi	Helsinki_NLP.6860	0.09	20.766	21.375	20.766	21.375	21.091	21.556	40.669	41.725	19.141	37.135	17.974	35.61	17.175	17.527	34.609	35.434	16.592	33.881
wmt19	en-fi	online-G.0	0.072	18.341	19.339	18.341	19.339	19.45	20.349	38.035	39.579	17.703	35.064	16.645	33.837	15.945	16.678	33.061	34.254	15.452	32.518
wmt19	en-fi	online-B.0	0.037	20.478	20.799	20.478	20.799	20.314	20.68	39.935	40.828	18.387	36.283	17.254	34.766	16.49	16.784	33.782	34.51	15.944	33.079
wmt19	en-fi	TartuNLP-c.6509	-0.125	18.478	18.874	18.478	18.874	18.675	19.042	38.146	39.118	16.766	34.645	15.7	33.221	14.998	15.254	32.315	33.023	14.49	31.659
wmt19	en-fi	online-A.0	-0.384	14.033	14.59	14.033	14.59	15.144	15.635	33.835	34.862	13.377	30.425	12.474	29.213	11.909	12.286	28.53	29.32	11.521	28.065
wmt19	en-fi	online-X.0	-0.398	12.343	17.443	12.343	17.443	11.539	18.167	29.697	37.77	10.409	26.717	9.845	25.658	9.488	14.622	25.05	31.794	9.237	24.65
wmt19	en-fi	Helsinki_NLP__rule-based_.6636	-0.522	8.883	9.369	8.883	9.369	12.177	12.881	29.613	30.981	10.703	26.764	9.998	25.916	9.584	10.093	25.472	26.537	9.306	25.188
wmt19	en-fi	apertium-fin-eng-unconstrained-en-fi.6448	-1.26	4.279	4.515	4.279	4.515	6.992	7.439	22.082	23.122	5.949	19.617	5.499	19.045	5.259	5.584	18.868	19.792	5.11	18.804
wmt19	de-en	Facebook_FAIR.6750	0.146	40.747	42.29	40.747	42.29	49.034	50.786	66.48	68.621	45.341	61.355	42.799	58.565	40.881	42.267	56.483	57.763	39.354	54.825
wmt19	de-en	RWTH_Aachen_System.6818	0.136	39.563	41.226	39.563	41.226	46.989	48.739	65.304	67.539	43.515	60.367	41.051	57.681	39.157	40.66	55.636	57.137	37.67	54.01
wmt19	de-en	MSRA.MADL.6910	0.136	42.785	44.288	42.785	44.288	50.007	51.787	67.592	69.667	46.385	62.542	43.836	59.683	41.871	43.341	57.494	58.836	40.292	55.737
wmt19	de-en	online-B.0	0.121	45.2	46.817	45.2	46.817	53.036	55.052	69.297	71.461	49.511	64.501	46.919	61.718	44.884	46.552	59.581	60.994	43.224	57.846
wmt19	de-en	JHU.6809	0.086	38.062	39.633	38.062	39.633	45.862	47.691	64.502	66.722	42.392	59.559	39.965	56.799	38.098	39.63	54.713	56.174	36.623	53.063
wmt19	de-en	MLLP-UPV.6899	0.067	39.308	40.898	39.308	40.898	46.592	48.494	65.173	67.429	43.08	60.048	40.625	57.315	38.735	40.317	55.256	56.679	37.23	53.617
wmt19	de-en	dfki-nmt.6478	0.066	38.77	42.063	38.77	42.063	44.68	49.526	64.423	68.227	41.316	59.45	38.998	56.782	37.222	41.28	54.773	57.453	35.821	53.192
wmt19	de-en	UCAM.6461	0.066	39.717	41.315	39.717	41.315	46.803	48.906	65.31	67.644	43.368	60.358	40.95	57.555	39.099	40.828	55.456	56.983	37.619	53.796
wmt19	de-en	online-A.0	0.05	36.414	37.989	36.414	37.989	43.344	45.025	63.033	65.236	40.012	58.301	37.69	55.838	35.93	37.279	53.978	55.336	34.551	52.496
wmt19	de-en	NEU.6801	0.039	40.51	42.067	40.51	42.067	47.762	49.453	66.19	68.278	44.228	61.067	41.715	58.214	39.783	41.165	56.062	57.417	38.255	54.36
wmt19	de-en	uedin.6749	0.011	34.965	36.678	34.965	36.678	41.837	44.213	62.127	64.643	38.535	57.471	36.293	55.177	34.621	36.502	53.465	55.029	33.328	52.107
wmt19	de-en	online-Y.0	0.009	38.936	40.494	38.936	40.494	44.989	46.898	64.469	66.715	41.737	59.695	39.405	57.219	37.62	39.175	55.351	56.805	36.219	53.873
wmt19	de-en	TartuNLP-c.6502	0.006	33.923	35.871	33.923	35.871	41.628	43.893	61.249	63.898	38.315	56.757	36.071	54.415	34.383	36.214	52.658	54.405	33.086	51.29
wmt19	de-en	online-G.0	-0.051	34.339	37.835	34.339	37.835	41.235	45.637	61.286	65.105	38.101	56.502	35.875	54.012	34.192	37.791	52.146	54.799	32.876	50.684
wmt19	de-en	PROMT_NMT_DE-EN.6683	-0.128	32.08	33.734	32.08	33.734	37.456	39.367	59.141	61.533	34.465	54.417	32.46	52.083	30.972	32.541	50.372	51.845	29.814	49.041
wmt19	de-en	online-X.0	-0.192	28.568	34.742	28.568	34.742	30.402	40.953	55.01	62.265	28.457	51.004	26.998	48.969	25.865	33.84	47.461	52.507	24.997	46.314
wmt19	de-fr	MSRA.MADL.6888	0.249	37.259	38.558	37.259	38.558	37.268	38.237	59.916	61.55	34.579	55.428	32.804	53.224	31.396	32.201	51.58	52.63	30.303	50.287
wmt19	de-fr	MLLP-UPV.6647	0.23	34.526	36.126	34.526	36.126	34.876	36.005	58.074	59.888	32.366	53.66	30.682	51.551	29.386	30.318	50.007	51.214	28.377	48.796
wmt19	de-fr	Kyoto_University_T2T.6679	0.164	34.3	35.633	34.3	35.633	34.436	35.258	58.067	59.665	31.943	53.976	30.278	52.174	29.012	29.67	50.856	51.884	28.029	49.803
wmt19	de-fr	lingua_custodia_primary.6690	0.16	35.608	37.144	35.608	37.144	34.594	35.678	58.639	60.43	32.204	54.161	30.592	52.08	29.337	30.221	50.558	51.742	28.333	49.345
wmt19	de-fr	LIUM.6719	0.129	33.362	34.638	33.362	34.638	33.526	34.496	56.703	58.416	31.165	52.72	29.572	50.743	28.351	29.113	49.273	50.343	27.4	48.132
wmt19	de-fr	online-B.0	0.038	31.964	33.173	31.964	33.173	32.766	33.777	55.88	57.507	30.437	52.263	28.903	50.705	27.736	28.594	49.566	50.652	26.839	48.657
wmt19	de-fr	online-Y.0	0.019	33.443	34.773	33.443	34.773	33.207	34.456	57.002	58.712	30.774	52.779	29.203	50.871	27.985	28.981	49.461	50.607	27.02	48.34
wmt19	de-fr	TartuNLP-c.6897	-0.104	30.661	32.058	30.661	32.058	30.914	31.906	55.334	57.097	28.561	51.403	27.031	49.691	25.905	26.691	48.461	49.585	25.048	47.499
wmt19	de-fr	online-A.0	-0.194	29.629	31.79	29.629	31.79	29.801	31.924	53.675	56.233	27.584	49.838	26.115	48.227	25.015	26.797	47.071	48.82	24.181	46.17
wmt19	de-fr	online-G.0	-0.24	26.901	30.893	26.901	30.893	28.209	33.059	52.605	56.6	26.355	49.042	25.069	47.537	24.063	27.677	46.429	49.004	23.293	45.556
wmt19	de-fr	online-X.0	-0.456	26.656	30.291	26.656	30.291	27.734	31.774	51.291	55.142	25.802	48.053	24.506	46.473	23.539	26.597	45.322	47.551	22.809	44.436
wmt18	en-cs	CUNI-Transformer.5595	0.594	26.007	26.588	26.007	26.588	30.11	30.946	47.865	49.333	27.785	44.748	26.188	43.106	24.988	25.656	41.866	42.968	24.074	40.903
wmt18	en-cs	uedin.5630	0.384	23.417	24.048	23.417	24.048	27.425	28.237	45.529	47.013	25.125	42.377	23.614	40.731	22.515	23.196	39.539	40.714	21.703	38.639
wmt18	en-cs	online-B.0	0.101	19.445	19.978	19.445	19.978	23.56	24.223	41.591	43.037	21.502	38.806	20.212	37.472	19.302	19.883	36.517	37.693	18.644	35.808
wmt18	en-cs	online-A.0	-0.115	15.74	16.683	15.74	16.683	20.954	22.129	38.508	40.492	19.014	35.987	17.859	34.89	17.072	17.994	34.145	35.661	16.519	33.606
wmt18	en-cs	online-G.0	-0.246	15.112	16.232	15.112	16.232	20.966	22.399	38.12	40.199	19.026	35.537	17.837	34.349	17.016	18.19	33.537	35.117	16.438	32.957
wmt18	tr-en	online-G.0	0.045	24.366	26.698	24.366	26.698	32.548	36.998	54.057	57.611	29.758	50.213	28.126	48.646	27.014	30.404	47.556	50.006	26.209	46.72
wmt18	tr-en	online-A.0	0.04	24.819	26.348	24.819	26.348	35.061	37.835	55.06	57.825	31.833	50.761	29.919	48.977	28.6	30.67	47.77	49.594	27.657	46.878
wmt18	tr-en	online-B.0	-0.004	24.839	25.706	24.839	25.706	35.043	36.152	55.116	56.941	31.917	51.052	30.032	49.333	28.734	29.646	48.165	49.327	27.793	47.282
wmt18	tr-en	uedin.5709	-0.053	26.863	27.791	26.863	27.791	32.701	33.869	55.333	57.267	30.013	50.914	28.355	48.977	27.151	28.181	47.607	48.922	26.252	46.562
wmt18	tr-en	NICT.5708	-0.055	26.738	27.649	26.738	27.649	31.989	33.078	54.634	56.569	29.398	50.418	27.81	48.676	26.673	27.618	47.446	48.717	25.83	46.5
wmt18	fi-en	NICT.5515	0.153	24.913	25.804	24.913	25.804	33.848	35.006	52.777	54.588	31.37	49.757	29.804	48.588	28.663	29.573	47.697	48.86	27.791	46.964
wmt18	fi-en	HY-NMT-fi-en.5569	0.128	23.27	24.199	23.27	24.199	33.684	34.818	51.72	53.529	30.949	48.778	29.315	47.592	28.158	29.086	46.699	47.872	27.304	45.984
wmt18	fi-en	uedin.5631	0.103	23.512	24.393	23.512	24.393	32.559	33.765	51.768	53.565	30.09	48.906	28.567	47.863	27.489	28.481	47.062	48.237	26.679	46.403
wmt18	fi-en	CUNI-Kocmi.5619	0.083	21.556	22.452	21.556	22.452	30.902	32.226	50.165	52.034	28.435	47.157	26.955	46.058	25.926	26.991	45.251	46.479	25.173	44.615
wmt18	fi-en	online-B.0	0.078	21.357	22.26	21.357	22.26	31.509	32.891	50.205	52.076	28.968	47.441	27.484	46.546	26.458	27.606	45.882	47.132	25.718	45.349
wmt18	fi-en	talp-upc.5423	0.047	20.765	21.662	20.765	21.662	28.853	30.128	48.772	50.712	26.607	46.055	25.32	45.149	24.419	25.45	44.476	45.816	23.761	43.94
wmt18	fi-en	online-A.0	0.045	20.004	21.111	20.004	21.111	29.54	31.36	48.75	50.931	27.101	45.991	25.703	45.101	24.758	26.176	44.449	45.953	24.071	43.929
wmt18	fi-en	online-G.0	-0.134	15.183	16.948	15.183	16.948	27.687	31.085	44.946	48.286	25.127	43.03	23.825	42.886	23.01	25.475	42.765	44.781	22.453	42.628
wmt18	fi-en	JUCBNMT.5559	-0.404	12.217	12.943	12.217	12.943	18.869	19.984	39.892	42.081	17.544	38.759	16.98	38.988	16.639	17.586	39.133	40.593	16.4	39.2
wmt18	zh-en	NiuTrans.5740	0.14	28.664	29.866	28.664	29.866	32.492	34.053	55.2	57.386	30.404	52.125	29.049	50.784	28.032	29.304	49.779	51.106	27.254	48.974
wmt18	zh-en	online-B.0	0.111	29.348	30.527	29.348	30.527	32.758	34.342	55.685	57.885	30.39	51.978	28.99	50.558	27.984	29.267	49.564	50.913	27.228	48.789
wmt18	zh-en	UCAM.5586	0.109	27.699	29.006	27.699	29.006	32.361	34.097	55.057	57.388	30.106	51.562	28.743	50.328	27.742	29.13	49.463	50.835	26.986	48.779
wmt18	zh-en	Unisound.5712	0.108	28.437	30.099	28.437	30.099	32.721	35.63	55.372	58.187	30.652	52.121	29.33	50.907	28.335	30.591	50.037	51.727	27.562	49.342
wmt18	zh-en	Tencent-ensemble-system.5742	0.099	29.322	30.83	29.322	30.83	34.31	35.435	56.251	58.397	31.853	52.508	30.352	51.007	29.239	30.238	49.965	51.374	28.387	49.15
wmt18	zh-en	Unisound.5668	0.094	27.701	29.303	27.701	29.303	32.52	35.371	55.255	58.041	30.294	51.901	28.958	50.791	27.975	30.159	50.023	51.688	27.224	49.408
wmt18	zh-en	Li-Muze.5736	0.091	27.356	28.499	27.356	28.499	32.476	34.139	54.925	57.176	30.336	51.579	29.024	50.439	28.049	29.334	49.623	50.955	27.305	48.975
wmt18	zh-en	NICT.5539	0.089	26.718	28.045	26.718	28.045	30.497	32.11	53.511	55.89	28.639	50.634	27.458	49.519	26.571	27.835	48.708	50.139	25.883	48.057
wmt18	zh-en	UMD.5681	0.078	24.41	25.603	24.41	25.603	29.546	31.224	52.598	54.999	27.586	49.674	26.434	48.765	25.598	26.907	48.134	49.559	24.957	47.629
wmt18	zh-en	online-Y.0	-0.005	24.381	25.566	24.381	25.566	27.702	29.341	51.943	54.31	25.737	48.592	24.602	47.567	23.807	25.087	46.874	48.297	23.217	46.336
wmt18	zh-en	uedin.5652	-0.017	24.012	25.117	24.012	25.117	29.422	30.88	52.192	54.443	27.798	50.171	26.767	49.613	25.994	27.155	49.168	50.56	25.397	48.779
wmt18	zh-en	online-A.0	-0.061	21.813	23.223	21.813	23.223	27.918	30.404	50.751	53.621	25.835	48.014	24.689	47.248	23.914	25.816	46.751	48.492	23.356	46.378
wmt18	zh-en	online-G.0	-0.327	13.754	15.675	13.754	15.675	22.777	26.049	44.494	48.324	20.743	41.91	19.829	41.778	19.262	21.738	41.799	44.193	18.88	41.826
wmt18	zh-en	online-F.0	-0.377	10.554	11.562	10.554	11.562	19.559	21.175	40.76	43.433	17.7	38.943	16.907	39.286	16.447	17.635	39.617	41.106	16.148	39.854
wmt18	en-zh	Tencent-ensemble-system.5760	0.219	43.174	43.185	43.174	43.185	49.969	50.353	69.728	69.749	47.082	64.112	45.247	62.119	43.809	44.146	60.69	60.711	42.658	59.506
wmt18	en-zh	Unisound.5669	0.206	42.525	42.686	42.525	42.686	44.693	48.753	69.177	69.457	42.42	63.522	40.912	61.549	39.716	43.067	60.144	60.416	38.755	58.993
wmt18	en-zh	GTCOM-Primary.5762	0.199	43.754	43.758	43.754	43.758	50.264	50.474	69.933	69.945	47.409	64.222	45.582	62.189	44.176	44.353	60.732	60.742	43.049	59.536
wmt18	en-zh	Alibaba-ensemble-system-with-reranking.5738	0.185	43.435	43.452	43.435	43.452	50.099	50.868	69.6	69.642	47.478	64.018	45.759	62.027	44.386	45.022	60.595	60.637	43.291	59.412
wmt18	en-zh	Alibaba-General-System.5749	0.173	43.205	43.227	43.205	43.227	48.61	49.202	69.445	69.478	45.976	64.275	44.209	62.375	42.849	43.36	60.963	60.995	41.762	59.792
wmt18	en-zh	online-B.0	0.166	41.467	41.47	41.467	41.47	50.574	50.787	68.539	68.548	47.259	62.767	45.272	60.779	43.845	44.041	59.375	59.385	42.754	58.242
wmt18	en-zh	Alibaba-General-System.5743	0.165	43.146	43.167	43.146	43.167	48.127	48.711	69.388	69.421	45.551	64.235	43.815	62.345	42.477	42.981	60.941	60.973	41.408	59.775
wmt18	en-zh	UMD.5680	0.094	39.009	39.013	39.009	39.013	46.129	46.421	67.586	67.603	43.342	61.633	41.674	59.654	40.432	40.68	58.266	58.281	39.46	57.141
wmt18	en-zh	NICT.5538	0.082	39.707	39.71	39.707	39.71	44.782	44.949	66.748	66.756	43.154	62.098	41.951	60.5	40.968	41.129	59.308	59.317	40.158	58.297
wmt18	en-zh	online-Y.0	0.069	33.952	33.954	33.952	33.954	43.658	43.814	64.135	64.143	40.866	58.8	39.321	57.335	38.242	38.391	56.356	56.364	37.425	55.536
wmt18	en-zh	online-A.0	0.037	30.587	30.601	30.587	30.601	43.994	44.419	60.976	61.0	41.005	56.705	39.285	55.126	38.074	38.421	53.888	53.908	37.177	52.885
wmt18	en-zh	uedin.5735	-0.202	33.297	33.3	33.297	33.3	34.09	34.256	61.407	61.417	34.107	58.944	33.732	58.233	33.299	33.466	57.536	57.547	32.902	56.87
wmt18	en-zh	online-F.0	-0.419	18.099	18.101	18.099	18.101	33.567	33.664	53.387	53.391	31.722	50.861	30.716	50.762	30.045	30.152	50.576	50.582	29.591	50.347
wmt18	en-zh	online-G.0	-0.435	20.945	20.947	20.945	20.947	38.264	38.388	57.033	57.039	35.951	53.62	34.606	52.659	33.694	33.815	51.838	51.845	33.049	51.158
wmt18	ru-en	Alibaba.5720	0.215	34.88	35.765	34.88	35.765	39.23	40.563	61.178	62.857	36.083	56.141	34.08	53.734	32.577	33.503	52.005	53.019	31.419	50.664
wmt18	ru-en	online-B.0	0.192	31.758	32.646	31.758	32.646	37.956	39.304	59.357	61.052	34.673	54.357	32.676	52.035	31.238	32.239	50.407	51.448	30.142	49.155
wmt18	ru-en	online-G.0	0.17	31.109	33.806	31.109	33.806	37.188	40.803	58.516	61.963	33.884	53.673	31.916	51.445	30.505	33.492	49.87	52.38	29.445	48.658
wmt18	ru-en	uedin.5739	0.11	32.763	33.696	32.763	33.696	35.898	36.904	59.099	60.7	33.023	54.213	31.242	52.053	29.925	30.667	50.523	51.513	28.912	49.329
wmt18	ru-en	online-A.0	0.034	28.96	30.281	28.96	30.281	33.945	35.965	56.719	58.979	30.903	52.038	29.157	50.105	27.92	29.382	48.743	50.194	27.002	47.695
wmt18	ru-en	afrl-ruen-syscomb.5440	-0.014	30.015	30.963	30.015	30.963	35.099	36.356	57.403	59.132	32.226	53.227	30.481	51.157	29.217	30.103	49.644	50.729	28.266	48.484
wmt18	ru-en	JHU.5675	-0.027	26.693	28.397	26.693	28.397	30.926	33.719	54.498	57.241	28.308	50.142	26.739	48.17	25.613	27.681	46.769	48.526	24.78	45.712
wmt18	ru-en	online-F.0	-0.398	13.6	14.554	13.6	14.554	22.085	24.066	43.715	46.328	19.664	40.396	18.444	39.589	17.668	19.016	39.094	40.61	17.137	38.75
wmt18	en-de	online-Z.0	0.653	46.082	46.538	46.082	46.538	46.473	47.046	67.426	68.403	43.403	62.54	41.257	59.92	39.54	40.0	57.924	58.473	38.136	56.292
wmt18	en-de	online-B.0	0.561	47.694	48.242	47.694	48.242	46.055	46.765	67.696	68.731	43.114	62.543	41.026	59.835	39.354	39.966	57.804	58.497	37.993	56.159
wmt18	en-de	Microsoft-Marian.5691	0.551	48.306	48.852	48.306	48.852	46.332	47.018	68.322	69.347	43.281	62.97	41.138	60.128	39.423	39.969	57.996	58.605	38.029	56.275
wmt18	en-de	MMT-production-system.5594	0.539	46.198	46.699	46.198	46.699	44.407	44.972	66.585	67.567	41.336	61.263	39.243	58.558	37.592	38.062	56.536	57.148	36.255	54.906
wmt18	en-de	UCAM.5585	0.537	46.635	47.16	46.635	47.16	45.824	46.531	67.803	68.819	42.682	62.424	40.465	59.611	38.709	39.282	57.507	58.134	37.292	55.806
wmt18	en-de	NTT.5667	0.491	46.476	47.012	46.476	47.012	44.747	45.363	67.313	68.297	41.642	61.765	39.525	58.907	37.845	38.351	56.794	57.411	36.471	55.094
wmt18	en-de	KIT.5486	0.454	46.32	46.95	46.32	46.95	44.984	45.794	67.151	68.226	41.928	61.942	39.815	59.211	38.152	38.831	57.177	57.891	36.811	55.538
wmt18	en-de	online-Y.0	0.396	40.769	41.213	40.769	41.213	39.185	39.714	61.671	62.659	36.304	56.528	34.352	53.989	32.819	33.239	52.119	52.697	31.598	50.633
wmt18	en-de	JHU.5703	0.377	43.38	43.959	43.38	43.959	41.052	41.824	64.749	65.834	38.151	59.452	36.12	56.721	34.536	35.147	54.711	55.374	33.261	53.102
wmt18	en-de	uedin.5770	0.352	44.357	44.931	44.357	44.931	42.445	43.072	65.717	66.766	39.461	60.285	37.392	57.53	35.775	36.258	55.506	56.115	34.467	53.876
wmt18	en-de	LMU-nmt.5741	0.213	39.976	40.609	39.976	40.609	38.283	39.013	62.067	63.18	35.413	56.938	33.469	54.353	31.973	32.608	52.468	53.235	30.788	50.975
wmt18	en-de	online-A.0	0.06	34.528	36.631	34.528	36.631	36.689	38.246	59.326	61.448	33.413	54.028	31.399	51.584	29.911	31.23	49.865	51.266	28.769	48.542
wmt18	en-de	online-F.0	-0.385	20.867	21.289	20.867	21.289	26.153	26.819	48.121	49.285	23.333	43.625	21.679	41.975	20.531	21.071	40.949	41.675	19.723	40.229
wmt18	en-de	online-G.0	-0.416	24.5	26.966	24.5	26.966	31.438	35.045	53.535	56.792	28.161	48.063	26.284	45.775	24.979	27.877	44.277	46.913	24.016	43.171
wmt18	en-de	RWTH-UNSUPER.5484	-0.966	14.753	15.946	14.753	15.946	19.192	20.336	43.175	45.091	16.703	38.611	15.521	37.141	14.776	15.67	36.286	37.81	14.274	35.707
wmt18	en-de	LMU-unsup.5651	-1.122	15.518	15.816	15.518	15.816	18.625	19.241	41.498	42.53	16.71	38.093	15.648	37.223	14.928	15.371	36.7	37.385	14.42	36.319
wmt18	en-ru	Alibaba-ensemble-model.5713	0.352	34.769	35.694	34.769	35.694	33.469	34.649	54.156	55.664	31.096	50.018	29.401	47.733	28.077	29.047	46.03	47.189	27.011	44.683
wmt18	en-ru	online-G.0	0.324	31.268	32.626	31.268	32.626	30.628	32.239	51.63	53.527	28.333	47.653	26.726	45.547	25.512	26.874	44.012	45.491	24.559	42.812
wmt18	en-ru	online-B.0	0.159	27.118	27.699	27.118	27.699	27.189	27.863	47.618	48.869	25.052	43.836	23.595	42.088	22.52	23.049	40.859	41.724	21.694	39.929
wmt18	en-ru	uedin.5737	0.144	29.822	30.496	29.822	30.496	28.7	29.393	50.303	51.607	26.497	46.133	24.98	43.98	23.825	24.384	42.42	43.382	22.925	41.207
wmt18	en-ru	PROMT-Hybrid-Marian.5605	0.115	27.305	27.925	27.305	27.925	25.729	26.408	47.891	49.205	23.564	43.824	22.177	41.798	21.153	21.657	40.367	41.269	20.377	39.274
wmt18	en-ru	PROMT-Hybrid-OpenNMT.5654	0.066	25.295	25.862	25.295	25.862	25.058	25.704	46.148	47.416	23.076	42.52	21.758	40.805	20.785	21.278	39.578	40.475	20.04	38.63
wmt18	en-ru	online-A.0	-0.004	22.592	23.78	22.592	23.78	23.951	25.321	44.641	46.477	21.92	41.324	20.592	39.678	19.63	20.699	38.51	39.854	18.91	37.632
wmt18	en-ru	PROMT-Rule-based.5429	-0.075	18.145	18.879	18.145	18.879	20.903	21.817	40.663	42.182	18.949	37.295	17.713	35.961	16.861	17.57	35.085	36.216	16.239	34.451
wmt18	en-ru	online-F.0	-0.58	7.774	8.127	7.774	8.127	12.074	12.425	29.993	31.055	10.813	28.063	10.129	27.639	9.718	10.007	27.491	28.348	9.452	27.426
wmt18	en-fi	NICT.5658	0.521	18.193	19.162	18.193	19.162	21.815	22.652	39.06	40.576	19.598	35.668	18.288	34.011	17.378	18.081	32.871	34.109	16.706	32.04
wmt18	en-fi	HY-NMT-en-fi.5570	0.466	17.835	18.303	17.835	18.303	20.784	21.449	37.975	39.223	18.746	35.097	17.521	33.629	16.683	17.229	32.637	33.674	16.078	31.922
wmt18	en-fi	uedin.5707	0.324	16.662	17.176	16.662	17.176	20.042	20.787	37.213	38.536	17.982	34.204	16.781	32.735	15.972	16.557	31.748	32.782	15.386	31.037
wmt18	en-fi	Aalto.5550	0.271	16.186	16.584	16.186	16.584	18.939	19.674	36.144	37.474	16.991	33.043	15.887	31.74	15.146	15.708	30.88	31.9	14.618	30.264
wmt18	en-fi	HY-NMTtwostep-en-fi.5639	0.258	14.526	15.349	14.526	15.349	18.13	19.225	35.258	37.008	16.235	32.324	15.167	30.998	14.461	15.324	30.145	31.467	13.954	29.541
wmt18	en-fi	talp-upc.5424	0.238	14.353	15.045	14.353	15.045	17.509	18.219	34.404	35.793	15.619	31.456	14.587	30.153	13.908	14.487	29.311	30.482	13.424	28.716
wmt18	en-fi	CUNI-Kocmi.5620	0.184	14.708	15.047	14.708	15.047	17.85	18.416	34.783	35.957	15.942	31.803	14.875	30.489	14.174	14.654	29.64	30.607	13.667	29.028
wmt18	en-fi	online-B.0	0.183	14.147	14.48	14.147	14.48	16.968	17.407	33.878	34.953	15.158	31.03	14.16	29.777	13.504	13.852	28.971	29.849	13.035	28.402
wmt18	en-fi	online-A.0	-0.212	9.113	9.923	9.113	9.923	12.952	14.09	29.224	31.012	11.441	26.707	10.696	25.792	10.233	11.076	25.242	26.523	9.917	24.873
wmt18	en-fi	online-G.0	-0.233	9.969	10.668	9.969	10.668	13.993	14.917	29.512	31.252	12.338	26.899	11.512	25.885	10.999	11.735	25.272	26.59	10.639	24.849
wmt18	en-fi	HY-SMT-en-fi.5436	-0.334	10.489	10.818	10.489	10.818	13.963	14.612	30.281	31.59	12.463	27.778	11.676	26.889	11.181	11.698	26.362	27.395	10.845	26.009
wmt18	en-fi	HY-AH-en-fi.5567	-0.369	6.36	6.767	6.36	6.767	10.762	11.547	25.732	27.194	9.423	23.591	8.778	22.869	8.404	8.976	22.445	23.606	8.142	22.165
wmt18	et-en	tilde-nc-nmt.5485	0.326	30.936	31.815	30.936	31.815	39.109	40.48	58.767	60.466	35.685	53.871	33.576	51.557	32.048	33.056	49.921	50.93	30.895	48.658
wmt18	et-en	NICT.5664	0.238	30.678	31.532	30.678	31.532	37.298	38.307	57.91	59.509	34.161	53.271	32.177	51.051	30.727	31.505	49.452	50.446	29.635	48.221
wmt18	et-en	tilde-c-nmt.5715	0.215	29.463	30.322	29.463	30.322	35.846	36.983	57.167	58.877	32.719	52.367	30.799	50.112	29.419	30.201	48.544	49.542	28.376	47.346
wmt18	et-en	M4t1ss.5692	0.187	27.987	28.956	27.987	28.956	34.537	36.075	55.793	57.809	31.483	51.169	29.636	49.096	28.314	29.441	47.632	48.824	27.326	46.512
wmt18	et-en	uedin.5562	0.186	29.384	30.401	29.384	30.401	35.187	36.44	56.12	57.887	32.244	51.875	30.403	49.772	29.071	30.054	48.246	49.409	28.077	47.081
wmt18	et-en	tilde-c-nmt-comb.5718	0.171	29.356	30.207	29.356	30.207	36.171	37.293	57.181	58.842	33.0	52.349	31.064	50.127	29.672	30.469	48.59	49.571	28.628	47.42
wmt18	et-en	online-B.0	0.117	25.811	26.634	25.811	26.634	33.684	35.051	54.029	55.757	30.734	49.996	28.934	48.151	27.67	28.696	46.837	47.907	26.749	45.85
wmt18	et-en	HY-NMT-et-en.5463	0.106	26.543	27.375	26.543	27.375	32.92	34.039	54.404	56.104	30.082	50.441	28.386	48.644	27.198	28.079	47.375	48.498	26.328	46.404
wmt18	et-en	talp-upc.5421	0.106	23.857	24.9	23.857	24.9	30.02	31.419	51.733	53.669	27.288	47.726	25.701	45.911	24.622	25.707	44.676	45.953	23.851	43.767
wmt18	et-en	online-A.0	0.063	22.439	23.487	22.439	23.487	32.146	34.183	52.065	54.269	29.084	47.97	27.328	46.211	26.146	27.664	45.007	46.481	25.299	44.119
wmt18	et-en	CUNI-Kocmi.5618	0.007	23.009	23.717	23.009	23.717	29.198	30.314	50.927	52.67	26.705	47.13	25.185	45.432	24.117	24.959	44.244	45.328	23.339	43.363
wmt18	et-en	neurotolge.ee.5398	-0.117	20.037	20.856	20.037	20.856	28.676	29.783	48.813	50.578	26.389	45.773	24.952	44.273	23.939	24.799	43.195	44.319	23.226	42.397
wmt18	et-en	online-G.0	-0.341	16.183	17.351	16.183	17.351	27.501	29.864	47.436	50.02	24.538	43.534	23.046	42.198	22.093	23.847	41.327	42.964	21.435	40.7
wmt18	et-en	UnsupTartu.5722	-0.95	0.962	1.018	0.962	1.018	8.03	9.242	24.835	27.227	7.555	25.373	7.52	26.46	7.532	8.54	27.189	28.998	7.553	27.721
wmt18	en-et	tilde-nc-nmt.5449	0.549	24.35	24.878	24.35	24.878	28.097	29.073	47.062	48.467	25.175	42.268	23.458	40.006	22.262	22.981	38.463	39.505	21.399	37.343
wmt18	en-et	NICT.5500	0.453	25.156	25.767	25.156	25.767	27.83	28.821	47.046	48.48	24.97	42.305	23.286	40.05	22.111	22.849	38.512	39.608	21.249	37.386
wmt18	en-et	tilde-c-nmt.5565	0.427	23.544	24.079	23.544	24.079	26.834	27.735	46.19	47.571	23.988	41.492	22.369	39.344	21.262	21.946	37.903	38.951	20.458	36.85
wmt18	en-et	M4t1ss.5723	0.418	23.573	24.146	23.573	24.146	26.69	27.56	46.239	47.634	23.887	41.573	22.255	39.414	21.135	21.775	37.963	38.996	20.323	36.907
wmt18	en-et	Aalto.5551	0.34	20.659	21.165	20.659	21.165	24.766	25.713	42.902	44.283	22.076	38.563	20.568	36.649	19.545	20.256	35.371	36.394	18.819	34.45
wmt18	en-et	HY-NMT-en-et.5469	0.329	21.811	22.404	21.811	22.404	24.364	25.092	43.726	44.997	21.837	39.438	20.363	37.487	19.348	19.94	36.171	37.204	18.625	35.224
wmt18	en-et	uedin.5563	0.295	22.718	23.419	22.718	23.419	25.142	25.983	44.545	45.939	22.513	39.977	20.997	37.907	19.964	20.618	36.527	37.591	19.214	35.522
wmt18	en-et	CUNI-Kocmi.5616	0.216	20.225	20.6	20.225	20.6	22.462	23.11	41.729	42.893	20.096	37.667	18.753	35.873	17.855	18.378	34.703	35.666	17.219	33.869
wmt18	en-et	talp-upc.5422	0.181	18.888	19.39	18.888	19.39	22.034	22.869	41.273	42.656	19.544	36.888	18.204	35.061	17.327	17.949	33.9	34.953	16.714	33.087
wmt18	en-et	online-B.0	0.097	18.706	19.106	18.706	19.106	21.197	21.83	40.378	41.524	18.865	36.287	17.574	34.527	16.733	17.226	33.401	34.314	16.151	32.614
wmt18	en-et	neurotolge.ee.5399	-0.132	15.534	16.223	15.534	16.223	18.596	19.103	37.088	38.285	16.601	33.519	15.495	32.003	14.778	15.174	31.042	31.966	14.287	30.38
wmt18	en-et	online-A.0	-0.195	13.549	14.61	13.549	14.61	17.657	18.724	36.229	37.973	15.421	32.283	14.356	30.856	13.708	14.482	30.039	31.297	13.271	29.495
wmt18	en-et	online-G.0	-0.406	12.269	12.833	12.269	12.833	16.282	17.225	34.293	35.796	14.25	30.42	13.254	29.001	12.639	13.343	28.175	29.316	12.223	27.615
wmt18	en-et	parfda.5779	-0.52	12.872	13.234	12.872	13.234	16.689	17.413	34.946	36.302	14.657	31.273	13.66	29.99	13.047	13.556	29.24	30.251	12.638	28.743
wmt18	en-tr	online-B.0	0.277	18.541	19.214	18.541	19.214	24.763	25.211	41.803	43.122	22.336	38.791	20.817	37.237	19.798	20.209	36.194	37.372	19.086	35.462
wmt18	en-tr	uedin.5644	0.222	19.51	20.283	19.51	20.283	24.929	25.627	42.77	44.27	22.424	39.474	20.896	37.76	19.858	20.439	36.576	37.831	19.11	35.717
wmt18	en-tr	alibaba-ensemble-model.5732	0.216	19.99	20.673	19.99	20.673	24.427	25.22	42.175	43.751	22.058	39.074	20.572	37.357	19.55	20.178	36.136	37.435	18.807	35.232
wmt18	en-tr	NICT.5695	0.128	19.184	20.055	19.184	20.055	24.344	25.061	41.911	43.409	21.946	38.781	20.457	37.105	19.445	20.066	35.935	37.208	18.715	35.079
wmt18	en-tr	alibaba-ensemble-model.5744	0.111	19.977	20.739	19.977	20.739	24.349	25.289	42.044	43.732	21.975	38.941	20.49	37.223	19.476	20.217	36.004	37.372	18.737	35.099
wmt18	en-tr	online-G.0	0.058	14.739	16.662	14.739	16.662	20.819	22.93	37.403	40.246	18.579	34.463	17.352	33.133	16.555	18.177	32.229	34.429	16.025	31.577
wmt18	en-tr	RWTH.5632	-0.06	17.203	18.302	17.203	18.302	22.282	23.006	40.057	41.66	19.941	36.84	18.574	35.309	17.67	18.291	34.281	35.642	17.038	33.547
wmt18	en-tr	online-A.0	-0.254	11.248	13.247	11.248	13.247	16.124	18.419	33.44	36.612	14.266	30.359	13.326	29.16	12.747	14.396	28.482	30.795	12.374	28.047
wmt18	de-en	RWTH.5636	0.413	48.393	49.868	48.393	49.868	53.326	55.347	71.224	72.959	50.29	66.365	47.979	63.559	46.057	47.749	61.348	62.654	44.465	59.547
wmt18	de-en	UCAM.5690	0.395	47.958	49.27	47.958	49.27	53.174	55.129	71.262	72.938	50.043	66.271	47.69	63.483	45.77	47.421	61.323	62.556	44.188	59.567
wmt18	de-en	NTT.5666	0.359	46.842	48.182	46.842	48.182	51.459	53.258	70.165	71.846	48.419	65.181	46.124	62.371	44.244	45.792	60.199	61.453	42.697	58.444
wmt18	de-en	online-B.0	0.346	43.927	45.17	43.927	45.17	50.649	52.483	69.022	70.743	47.397	64.034	45.057	61.335	43.177	44.682	59.271	60.487	41.657	57.618
wmt18	de-en	MLLP-UPV.5554	0.321	45.129	46.426	45.129	46.426	49.766	51.616	69.314	71.007	46.745	64.36	44.495	61.647	42.669	44.219	59.56	60.781	41.183	57.872
wmt18	de-en	JHU.5706	0.317	45.286	46.514	45.286	46.514	49.653	51.387	69.172	70.838	46.669	64.264	44.428	61.565	42.608	44.053	59.478	60.678	41.12	57.791
wmt18	de-en	Ubiqus-NMT.5635	0.315	44.102	45.136	44.102	45.136	49.211	50.8	68.756	70.307	46.237	63.908	44.026	61.331	42.235	43.506	59.35	60.392	40.788	57.747
wmt18	de-en	online-Y.0	0.31	39.477	40.716	39.477	40.716	45.449	47.23	64.755	66.529	42.442	60.142	40.224	57.602	38.459	39.897	55.65	56.797	37.06	54.103
wmt18	de-en	online-A.0	0.268	40.573	42.309	40.573	42.309	46.069	48.573	66.394	68.528	42.817	61.273	40.559	58.583	38.792	40.865	56.557	58.139	37.385	54.95
wmt18	de-en	uedin.5766	0.261	43.899	45.135	43.899	45.135	48.392	50.186	68.248	69.99	45.353	63.362	43.146	60.731	41.346	42.864	58.694	59.926	39.892	57.053
wmt18	de-en	LMU-nmt.5756	0.162	40.9	42.521	40.9	42.521	45.695	47.889	66.152	68.127	42.7	61.297	40.508	58.686	38.762	40.662	56.711	58.206	37.373	55.14
wmt18	de-en	NJUNMT-private.5406	0.149	38.261	39.613	38.261	39.613	43.365	45.142	64.19	66.041	40.414	59.542	38.282	56.998	36.62	38.102	55.069	56.418	35.304	53.552
wmt18	de-en	online-G.0	-0.074	31.852	35.433	31.852	35.433	41.349	47.704	61.205	65.307	38.0	55.959	35.759	53.333	34.081	39.196	51.462	54.601	32.797	50.044
wmt18	de-en	online-F.0	-0.296	21.977	23.344	21.977	23.344	33.706	35.866	53.644	55.951	30.201	48.73	28.149	46.852	26.739	28.429	45.647	47.119	25.741	44.809
wmt18	de-en	RWTH-UNSUPER.5482	-0.752	18.584	19.938	18.584	19.938	21.262	23.168	47.565	50.069	19.41	43.609	18.425	42.532	17.774	19.395	41.873	43.967	17.312	41.394
wmt18	de-en	LMU-unsup.5650	-0.835	17.886	18.76	17.886	18.76	23.638	24.866	47.146	48.935	21.659	43.398	20.483	42.463	19.661	20.675	41.876	43.362	19.064	41.434
wmt18	cs-en	CUNI-Transformer.5560	0.298	33.915	34.749	33.915	34.749	42.143	43.123	60.602	62.107	39.121	56.409	37.156	54.557	35.653	36.36	53.197	54.041	34.466	52.082
wmt18	cs-en	uedin.5561	0.165	31.78	32.747	31.78	32.747	39.396	40.281	58.625	60.208	36.367	54.45	34.49	52.607	33.086	33.804	51.27	52.249	32.0	50.198
wmt18	cs-en	online-B.0	0.115	33.062	33.941	33.062	33.941	40.996	42.047	59.404	60.966	38.023	55.525	36.154	53.793	34.767	35.606	52.506	53.446	33.692	51.476
wmt18	cs-en	online-A.0	-0.023	26.783	27.993	26.783	27.993	33.586	34.991	54.668	56.651	30.802	50.659	29.168	49.148	27.999	29.118	48.068	49.367	27.126	47.217
wmt18	cs-en	online-G.0	-0.183	22.53	24.386	22.53	24.386	34.321	37.281	53.053	55.994	31.223	48.98	29.452	47.499	28.218	30.402	46.461	48.161	27.31	45.654
wmt17	en-lv	tilde-nc-nmt-smt-hybrid.5047	0.196	20.787	21.376	20.787	21.376	24.393	25.145	43.702	45.176	22.147	39.969	20.83	38.382	19.908	20.452	37.302	38.407	19.233	36.501
wmt17	en-lv	online-B.0	0.121	17.913	18.478	17.913	18.478	20.864	21.336	40.376	41.682	18.869	36.768	17.773	35.366	17.022	17.366	34.447	35.429	16.479	33.774
wmt17	en-lv	tilde-c-nmt-smt-hybrid.5049	0.104	20.143	20.791	20.143	20.791	22.97	23.549	42.61	44.036	20.828	38.861	19.604	37.304	18.742	19.164	36.245	37.294	18.113	35.461
wmt17	en-lv	limsi-factored-norm.5041	0.075	16.628	18.079	16.628	18.079	20.461	21.151	39.673	41.427	18.599	36.357	17.531	35.054	16.8	17.353	34.198	35.466	16.271	33.567
wmt17	en-lv	usfd-consensus-qt21.5077	0.058	17.99	19.161	17.99	19.161	21.438	23.002	40.49	43.271	19.377	36.749	18.237	35.276	17.456	18.69	34.319	36.478	16.887	33.617
wmt17	en-lv	QT21-System-Combination.5063	-0.014	18.632	19.216	18.632	19.216	22.475	23.083	41.713	43.151	20.409	38.194	19.216	36.655	18.384	18.843	35.603	36.691	17.778	34.826
wmt17	en-lv	usfd-consensus-kit.5078	-0.027	17.476	18.569	17.476	18.569	20.906	22.395	40.015	42.762	18.896	36.294	17.786	34.871	17.022	18.183	33.947	36.04	16.472	33.273
wmt17	en-lv	KIT.5062	-0.063	18.315	18.902	18.315	18.902	22.037	22.589	41.582	42.996	19.968	37.818	18.781	36.295	17.955	18.343	35.286	36.289	17.355	34.544
wmt17	en-lv	uedin-nmt.5016	-0.072	16.934	18.339	16.934	18.339	20.919	21.561	40.057	41.732	19.054	36.781	17.973	35.45	17.227	17.735	34.562	35.752	16.689	33.911
wmt17	en-lv	tilde-nc-smt.5044	-0.099	21.05	21.659	21.05	21.659	23.297	24.158	42.006	43.543	21.461	38.675	20.368	37.388	19.572	20.228	36.497	37.662	18.966	35.811
wmt17	en-lv	LIUM-FNMT.5043	-0.157	16.193	16.938	16.193	16.938	18.197	18.772	37.968	39.468	16.529	34.681	15.622	33.54	15.003	15.453	32.807	33.961	14.561	32.272
wmt17	en-lv	LIUM-NMT.5042	-0.198	17.007	17.519	17.007	17.519	19.067	19.551	38.821	40.199	17.408	35.743	16.454	34.603	15.798	16.186	33.851	34.91	15.331	33.296
wmt17	en-lv	HY-HNMT.5066	-0.253	16.755	17.35	16.755	17.35	17.802	18.167	37.231	38.507	16.46	34.493	15.649	33.426	15.067	15.378	32.687	33.716	14.641	32.13
wmt17	en-lv	online-A.0	-0.341	10.843	11.534	10.843	11.534	14.941	15.577	33.338	34.993	13.45	30.575	12.706	29.829	12.225	12.686	29.388	30.581	11.899	29.086
wmt17	en-lv	jhu-pbmt.4969	-0.368	14.346	14.915	14.346	14.915	16.726	17.279	36.017	37.47	15.125	32.966	14.285	31.925	13.728	14.147	31.254	32.345	13.339	30.77
wmt17	en-lv	C-3MA.5069	-0.457	13.636	14.143	13.636	14.143	14.645	14.996	33.725	35.0	13.533	31.397	12.912	30.631	12.473	12.79	30.091	31.184	12.154	29.684
wmt17	en-lv	PJATK.4744	-0.947	10.148	10.45	10.148	10.45	11.634	11.985	28.089	29.136	10.863	26.683	10.434	26.3	10.147	10.498	26.067	27.141	9.944	25.902
wmt17	en-cs	uedin-nmt.4956	0.308	22.798	23.368	22.798	23.368	26.315	27.228	45.681	47.312	24.18	42.857	22.815	41.459	21.804	22.535	40.39	41.654	21.045	39.56
wmt17	en-cs	online-B.0	0.24	20.117	20.649	20.117	20.649	23.454	24.298	42.586	44.148	21.498	39.918	20.258	38.66	19.359	20.059	37.721	38.98	18.699	37.009
wmt17	en-cs	limsi-factored-norm.4957	0.111	20.222	21.077	20.222	21.077	23.918	25.132	43.253	45.234	21.919	40.568	20.673	39.326	19.779	20.743	38.399	39.961	19.121	37.693
wmt17	en-cs	LIUM-FNMT.4852	0.102	19.954	20.817	19.954	20.817	23.379	24.491	42.755	44.68	21.402	40.074	20.184	38.828	19.311	20.19	37.91	39.433	18.669	37.213
wmt17	en-cs	LIUM-NMT.4947	0.09	20.205	20.69	20.205	20.69	23.525	24.258	43.03	44.603	21.559	40.39	20.331	39.161	19.448	20.027	38.249	39.488	18.795	37.55
wmt17	en-cs	CU-Chimera.4886	0.05	20.507	21.44	20.507	21.44	23.855	25.129	43.067	45.06	22.018	40.552	20.843	39.412	19.978	21.066	38.543	40.18	19.336	37.873
wmt17	en-cs	online-A.0	0.029	16.552	17.394	16.552	17.394	20.801	22.048	39.685	41.631	18.879	37.206	17.757	36.142	16.983	17.946	35.386	36.874	16.436	34.831
wmt17	en-cs	tuning-task-ufal_8gb.sgm.0	-0.236	15.255	15.973	15.255	15.973	18.273	19.181	37.013	38.789	16.929	35.289	16.094	34.587	15.492	16.297	34.032	35.529	15.06	33.613
wmt17	en-cs	tuning-task-afrl_4gb.sgm.0	-0.315	14.182	14.791	14.182	14.791	16.852	17.55	35.149	36.769	15.68	33.872	14.935	33.284	14.413	15.058	32.796	34.244	14.031	32.411
wmt17	en-cs	PJATK.4761	-0.327	16.18	16.581	16.18	16.581	20.246	20.974	38.533	40.019	18.705	36.791	17.688	36.014	16.955	17.586	35.411	36.667	16.42	34.943
wmt17	en-cs	tuning-task-baseline_8gb.sgm.0	-0.373	13.793	14.443	13.793	14.443	16.293	17.081	34.977	36.663	15.184	33.558	14.473	33.007	13.961	14.671	32.551	34.002	13.593	32.204
wmt17	en-cs	tuning-task-afrl_8gb.sgm.0	-0.376	14.692	15.336	14.692	15.336	17.097	17.869	35.607	37.259	15.902	34.197	15.139	33.593	14.595	15.299	33.08	34.53	14.192	32.672
wmt17	en-cs	tuning-task-ufal_4gb.sgm.0	-0.486	13.064	13.641	13.064	13.641	15.378	15.995	33.957	35.491	14.294	32.502	13.623	31.98	13.153	13.704	31.558	32.903	12.812	31.236
wmt17	en-cs	tuning-task-denisov_4gb.sgm.0	-0.493	12.638	13.164	12.638	13.164	15.622	16.251	33.433	34.933	14.535	32.247	13.849	31.699	13.358	13.929	31.206	32.504	12.994	30.794
wmt17	tr-en	online-B.0	0.294	25.624	26.351	25.624	26.351	36.981	38.382	56.262	58.053	33.745	52.132	31.811	50.462	30.466	31.749	49.355	50.569	29.486	48.534
wmt17	tr-en	online-A.0	0.282	22.179	23.891	22.179	23.891	33.243	36.675	53.38	56.573	30.218	49.501	28.446	48.003	27.226	29.96	47.033	49.281	26.357	46.334
wmt17	tr-en	uedin-nmt.4931	0.05	20.076	20.855	20.076	20.855	27.882	29.325	49.989	52.035	25.658	47.006	24.331	45.917	23.411	24.787	45.186	46.723	22.753	44.65
wmt17	tr-en	online-G.0	-0.029	16.377	18.408	16.377	18.408	30.236	36.36	50.601	55.227	26.64	45.668	25.018	44.485	24.044	28.509	43.876	46.671	23.396	43.465
wmt17	tr-en	afrl-mitll-m2w-nr1.4901	-0.083	17.537	18.48	17.537	18.48	26.14	28.447	47.324	49.962	24.058	44.566	22.836	43.644	22.009	23.989	43.025	44.81	21.426	42.586
wmt17	tr-en	afrl-mitll-syscomb.4902	-0.093	18.052	18.888	18.052	18.888	26.834	28.765	47.944	50.271	24.715	45.289	23.414	44.16	22.525	24.237	43.354	45.023	21.895	42.773
wmt17	tr-en	LIUM-NMT.4888	-0.097	17.91	18.558	17.91	18.558	26.148	27.159	47.39	49.229	24.0	44.846	22.742	43.836	21.883	22.886	43.136	44.537	21.276	42.635
wmt17	tr-en	PROMT-SMT.4737	-0.183	13.521	15.033	13.521	15.033	28.585	33.04	47.72	51.847	25.237	44.01	23.73	43.255	22.823	25.982	42.874	45.342	22.237	42.634
wmt17	tr-en	jhu-pbmt.4972	-0.436	12.645	13.445	12.645	13.445	23.022	24.223	44.155	46.439	20.581	41.569	19.305	40.875	18.496	19.574	40.404	42.104	17.953	40.062
wmt17	tr-en	JAIST.4859	-0.475	12.42	13.13	12.42	13.13	24.84	25.793	44.704	46.934	21.843	41.415	20.508	40.731	19.704	20.543	40.39	41.869	19.181	40.172
wmt17	lv-en	online-B.0	0.266	22.024	22.968	22.024	22.968	29.645	30.931	50.647	52.722	27.064	47.141	25.606	45.742	24.609	25.628	44.76	46.095	23.888	44.015
wmt17	lv-en	tilde-nc-nmt-smt-hybrid.5050	0.245	21.923	22.847	21.923	22.847	29.809	30.903	50.864	52.851	27.261	47.367	25.786	45.94	24.763	25.618	44.935	46.207	24.014	44.167
wmt17	lv-en	uedin-nmt.5017	0.087	18.98	19.882	18.98	19.882	25.495	26.518	47.451	49.502	23.47	44.446	22.351	43.435	21.584	22.357	42.741	44.038	21.03	42.206
wmt17	lv-en	tilde-c-nmt-smt-hybrid.5051	0.083	19.999	20.757	19.999	20.757	24.933	25.702	47.79	49.684	22.843	44.495	21.679	43.237	20.873	21.455	42.361	43.568	20.291	41.702
wmt17	lv-en	online-A.0	-0.039	15.716	17.189	15.716	17.189	25.117	27.795	45.632	48.739	22.652	42.568	21.514	41.909	20.782	22.8	41.499	43.489	20.272	41.18
wmt17	lv-en	jhu-pbmt.4980	-0.137	16.785	17.493	16.785	17.493	23.093	24.039	45.337	47.384	20.896	42.564	19.82	41.648	19.116	19.787	41.007	42.356	18.628	40.522
wmt17	lv-en	C-3MA.5067	-0.187	14.315	15.001	14.315	15.001	18.919	19.599	41.289	43.147	17.587	39.381	16.873	38.77	16.387	17.024	38.341	39.679	16.045	38.027
wmt17	lv-en	Hunter-MT.5092	-0.199	16.229	16.913	16.229	16.913	22.445	23.021	44.865	46.72	20.415	42.19	19.402	41.334	18.749	19.199	40.752	41.944	18.301	40.312
wmt17	lv-en	PJATK.4740	-0.436	12.419	12.922	12.419	12.922	17.879	18.475	38.913	40.631	16.761	38.091	16.187	38.1	15.817	16.385	38.083	39.412	15.561	38.051
wmt17	fi-en	online-B.0	0.407	27.62	28.537	27.62	28.537	34.513	35.914	56.679	58.511	31.623	52.587	29.868	50.765	28.611	29.66	49.474	50.573	27.682	48.484
wmt17	fi-en	online-G.0	0.22	22.481	24.369	22.481	24.369	31.981	35.116	52.695	55.835	28.869	48.827	27.2	47.485	26.075	28.4	46.577	48.358	25.274	45.891
wmt17	fi-en	online-A.0	0.041	21.128	22.352	21.128	22.352	29.221	30.967	51.308	53.652	26.694	47.594	25.227	46.057	24.209	25.534	44.961	46.431	23.463	44.13
wmt17	fi-en	TALP-UPC.4937	-0.095	16.132	16.877	16.132	16.877	19.902	20.695	43.648	45.499	18.447	41.455	17.689	40.835	17.178	17.8	40.387	41.619	16.821	40.046
wmt17	fi-en	Hunter-MT.4925	-0.316	19.956	20.695	19.956	20.695	22.432	22.944	47.43	49.24	20.718	45.06	19.646	43.959	18.9	19.396	43.056	44.306	18.369	42.341
wmt17	fi-en	apertium-unconstrained.4793	-0.559	6.132	6.528	6.132	6.528	21.224	22.838	33.474	35.374	18.495	32.992	17.305	34.014	16.665	17.923	34.885	37.071	16.279	35.577
wmt17	zh-en	SogouKnowing-nmt.5171	0.209	26.383	27.212	26.383	27.212	35.074	36.397	54.155	56.229	32.645	50.902	31.047	49.406	29.848	30.771	48.283	49.457	28.943	47.407
wmt17	zh-en	uedin-nmt.5112	0.208	25.702	26.635	25.702	26.635	33.772	34.94	53.438	55.393	31.44	50.442	29.956	49.166	28.863	29.853	48.201	49.463	28.037	47.438
wmt17	zh-en	xmunmt.5160	0.184	26.004	27.024	26.004	27.024	33.542	34.878	53.768	55.803	31.114	50.509	29.581	49.146	28.475	29.577	48.156	49.409	27.641	47.386
wmt17	zh-en	online-B.0	0.113	33.229	34.1	33.229	34.1	40.759	42.051	57.828	59.645	37.781	54.62	35.945	53.097	34.615	35.575	51.948	53.036	33.618	51.052
wmt17	zh-en	online-A.0	0.109	24.51	25.921	24.51	25.921	32.874	35.012	52.968	55.48	30.211	49.624	28.689	48.398	27.63	29.306	47.537	49.135	26.856	46.881
wmt17	zh-en	NRC.5172	0.079	25.784	26.919	25.784	26.919	32.429	34.428	52.655	55.069	30.317	49.879	28.929	48.539	27.894	29.472	47.484	49.055	27.118	46.668
wmt17	zh-en	jhu-nmt.5151	0.023	20.479	21.326	20.479	21.326	27.367	28.494	48.561	50.573	25.497	46.045	24.389	45.248	23.611	24.627	44.643	45.955	23.047	44.166
wmt17	zh-en	afrl-mitll-opennmt.5109	-0.016	21.277	22.154	21.277	22.154	28.746	29.991	49.676	51.667	26.621	46.791	25.378	45.734	24.499	25.499	44.965	46.211	23.855	44.372
wmt17	zh-en	CASICT-cons.5144	-0.026	22.316	23.378	22.316	23.378	29.726	31.224	50.26	52.447	27.832	48.102	26.644	47.155	25.777	27.031	46.408	47.902	25.125	45.818
wmt17	zh-en	Oregon-State-University-S.5173	-0.107	18.513	19.364	18.513	19.364	25.006	26.157	46.853	48.938	23.419	44.61	22.474	43.978	21.817	22.751	43.513	44.834	21.34	43.143
wmt17	zh-en	PROMT-SMT.5125	-0.209	16.474	17.41	16.474	17.41	29.082	30.944	47.688	50.246	26.261	44.538	24.905	43.881	24.043	25.388	43.48	44.968	23.438	43.167
wmt17	zh-en	NMT-Model-Average-Multi-Cards.5099	-0.265	18.976	20.12	18.976	20.12	26.188	28.434	46.579	49.138	24.73	44.965	23.764	44.197	23.062	24.876	43.572	45.292	22.547	43.084
wmt17	zh-en	UU-HNMT.5162	-0.276	15.937	16.746	15.937	16.746	23.895	24.969	44.638	46.627	22.518	43.632	21.721	43.612	21.162	22.085	43.518	44.954	20.772	43.432
wmt17	zh-en	online-F.0	-0.279	11.392	12.396	11.392	12.396	23.24	25.04	42.606	45.131	20.648	39.797	19.497	39.547	18.803	20.091	39.424	40.923	18.351	39.331
wmt17	zh-en	online-G.0	-0.305	15.501	17.155	15.501	17.155	27.024	30.039	45.932	49.315	24.186	42.784	22.856	42.253	22.018	24.24	41.963	44.017	21.448	41.759
wmt17	en-zh	SogouKnowing-nmt.5131	0.208	34.869	34.869	34.869	34.869	47.238	47.488	63.703	63.72	44.752	60.164	43.011	58.677	41.679	41.877	57.437	57.452	40.635	56.416
wmt17	en-zh	uedin-nmt.5111	0.178	36.282	36.287	36.282	36.287	47.595	47.77	64.403	64.418	45.294	60.722	43.685	59.165	42.435	42.565	57.898	57.91	41.433	56.85
wmt17	en-zh	xmunmt.5165	0.165	35.84	35.84	35.84	35.84	45.736	45.924	64.389	64.402	43.285	60.071	41.81	58.627	40.695	40.849	57.55	57.561	39.792	56.663
wmt17	en-zh	online-B.0	0.065	32.067	32.068	32.067	32.068	46.946	47.072	62.071	62.082	44.292	58.426	42.673	57.301	41.514	41.621	56.414	56.422	40.611	55.664
wmt17	en-zh	jhu-nmt.5153	0.056	31.051	31.052	31.051	31.052	39.802	39.945	59.993	60.004	37.88	55.983	36.753	54.907	35.888	36.0	54.088	54.097	35.211	53.408
wmt17	en-zh	CASICT-cons.5157	0.035	30.521	30.527	30.521	30.527	41.202	41.492	60.033	60.058	40.25	57.83	39.267	56.956	38.424	38.654	56.094	56.109	37.734	55.346
wmt17	en-zh	online-A.0	0.01	29.017	29.106	29.017	29.106	44.848	46.511	59.204	59.397	42.05	56.235	40.422	55.055	39.219	40.528	54.054	54.218	38.309	53.241
wmt17	en-zh	Oregon-State-University-S.5174	-0.111	25.928	25.932	25.928	25.932	34.844	35.059	55.973	55.993	33.767	54.119	32.953	53.746	32.328	32.513	53.311	53.329	31.837	52.893
wmt17	en-zh	UU-HNMT.5134	-0.3	23.923	23.924	23.923	23.924	32.869	33.001	54.031	54.042	33.383	54.449	33.202	54.735	32.916	33.016	54.597	54.606	32.635	54.37
wmt17	en-zh	online-G.0	-0.438	21.31	21.318	21.31	21.318	40.692	40.842	55.473	55.488	38.285	53.084	36.804	52.355	35.788	35.905	51.693	51.704	35.064	51.151
wmt17	en-zh	online-F.0	-0.504	18.584	18.584	18.584	18.584	36.015	36.112	52.503	52.51	33.979	50.764	32.914	50.785	32.193	32.281	50.655	50.662	31.677	50.49
wmt17	ru-en	online-B.0	0.271	36.935	37.802	36.935	37.802	41.944	43.137	63.264	64.815	38.533	58.068	36.376	55.472	34.777	35.716	53.62	54.586	33.524	52.171
wmt17	ru-en	online-G.0	0.126	34.506	36.661	34.506	36.661	42.219	46.419	61.848	65.057	38.364	56.832	36.102	54.506	34.481	37.948	52.87	55.257	33.26	51.598
wmt17	ru-en	NRC.4855	0.081	33.878	35.097	33.878	35.097	37.955	40.239	60.287	62.532	34.658	55.358	32.729	53.113	31.332	33.028	51.527	53.03	30.248	50.28
wmt17	ru-en	online-A.0	0.057	31.181	32.444	31.181	32.444	34.521	36.875	58.119	60.499	31.683	53.55	29.962	51.484	28.736	30.505	50.036	51.624	27.805	48.915
wmt17	ru-en	afrl-mitll-syscomb.4905	0.017	34.712	35.633	34.712	35.633	37.311	38.488	60.788	62.473	34.435	55.985	32.623	53.76	31.267	32.247	52.167	53.328	30.204	50.913
wmt17	ru-en	afrl-mitll-opennmt.4896	0.005	33.954	34.844	33.954	34.844	34.978	35.963	59.829	61.464	32.212	54.86	30.521	52.605	29.268	30.078	51.02	52.115	28.294	49.78
wmt17	ru-en	uedin-nmt.4890	0.002	30.769	31.635	30.769	31.635	34.589	35.734	57.49	59.133	31.682	53.218	29.93	51.153	28.657	29.621	49.65	50.884	27.693	48.489
wmt17	ru-en	jhu-pbmt.4978	-0.011	31.466	32.46	31.466	32.46	36.333	37.964	58.587	60.556	33.189	54.028	31.315	51.932	29.965	31.199	50.438	51.704	28.949	49.282
wmt17	ru-en	online-F.0	-0.288	15.904	16.812	15.904	16.812	24.889	26.607	46.689	49.136	21.965	42.795	20.492	41.621	19.568	20.807	40.895	42.381	18.938	40.378
wmt17	en-de	LMU-nmt-reranked.4934	0.257	27.107	27.897	27.107	27.897	29.543	30.512	52.105	53.62	26.964	48.069	25.349	46.136	24.163	24.922	44.78	45.743	23.269	43.756
wmt17	en-de	online-B.0	0.158	26.651	27.164	26.651	27.164	30.005	30.521	51.986	53.182	27.275	47.753	25.56	45.748	24.331	24.753	44.34	45.088	23.416	43.291
wmt17	en-de	uedin-nmt.4722	0.139	28.301	28.922	28.301	28.922	31.58	32.163	53.6	54.861	28.848	49.31	27.089	47.214	25.795	26.234	45.724	46.44	24.823	44.604
wmt17	en-de	SYSTRAN.4847	0.092	26.711	27.958	26.711	27.958	27.651	30.301	51.439	53.701	25.257	47.281	23.724	45.462	22.602	24.675	44.175	45.836	21.76	43.193
wmt17	en-de	LMU-nmt-single.4893	0.035	26.559	27.3	26.559	27.3	28.856	29.75	51.503	52.96	26.357	47.596	24.782	45.73	23.626	24.344	44.409	45.355	22.76	43.416
wmt17	en-de	KIT.4950	0.022	26.076	26.654	26.076	26.654	28.622	29.231	50.983	52.245	26.035	47.177	24.41	45.243	23.235	23.705	43.87	44.647	22.36	42.844
wmt17	en-de	xmu.4910	0.015	26.688	27.215	26.688	27.215	29.444	29.964	52.195	53.43	26.839	48.033	25.165	46.147	23.95	24.345	44.817	45.524	23.05	43.81
wmt17	en-de	LIUM-NMT.4900	0.006	26.596	27.153	26.596	27.153	30.231	30.837	52.186	53.449	27.475	48.007	25.775	46.013	24.551	25.026	44.616	45.389	23.636	43.574
wmt17	en-de	RWTH-nmt-ensemble.4921	-0.003	26.025	26.824	26.025	26.824	29.299	29.879	51.802	53.125	26.654	47.676	25.008	45.787	23.817	24.257	44.467	45.254	22.926	43.476
wmt17	en-de	online-A.0	-0.233	20.797	22.389	20.797	22.389	25.15	26.445	47.37	49.523	22.649	43.626	21.189	42.057	20.183	21.217	41.007	42.256	19.469	40.25
wmt17	en-de	PROMT-Rule-based.4735	-0.234	16.609	16.956	16.609	16.956	21.919	22.456	43.197	44.406	19.372	39.674	17.946	38.096	17.01	17.388	37.108	37.836	16.361	36.437
wmt17	en-de	C-3MA.4959	-0.27	22.675	23.174	22.675	23.174	25.506	26.0	48.027	49.265	23.224	44.452	21.808	42.915	20.807	21.186	41.858	42.617	20.075	41.076
wmt17	en-de	fbk-nmt-combination.4870	-0.301	26.332	26.887	26.332	26.887	30.927	31.524	52.131	53.37	28.117	48.24	26.363	46.303	25.103	25.555	44.905	45.672	24.168	43.854
wmt17	en-de	TALP-UPC.4834	-0.391	21.24	21.915	21.24	21.915	24.848	25.444	47.143	48.48	22.411	43.479	20.992	41.95	20.017	20.465	40.929	41.719	19.315	40.188
wmt17	en-de	online-F.0	-0.44	15.452	15.892	15.452	15.892	21.566	22.24	42.149	43.488	19.131	38.729	17.769	37.495	16.892	17.393	36.768	37.582	16.292	36.283
wmt17	en-de	online-G.0	-0.491	18.159	20.282	18.159	20.282	25.053	28.236	46.132	49.427	22.505	42.231	21.038	40.64	20.02	22.517	39.591	42.043	19.297	38.841
wmt17	en-ru	online-B.0	0.402	32.053	32.753	32.053	32.753	31.522	32.239	51.957	53.242	29.259	47.825	27.626	45.798	26.343	26.962	44.3	45.259	25.342	43.147
wmt17	en-ru	uedin-nmt.4756	0.166	29.793	30.47	29.793	30.47	28.583	29.209	49.934	51.169	26.467	46.045	24.959	43.898	23.799	24.354	42.291	43.266	22.906	41.041
wmt17	en-ru	online-H.0	0.105	28.411	29.008	28.411	29.008	27.673	28.311	49.33	50.559	25.562	45.379	24.112	43.358	23.013	23.575	41.885	42.802	22.163	40.745
wmt17	en-ru	PROMT-Rule-based.4736	0.08	22.302	22.892	22.302	22.892	23.667	24.435	43.958	45.299	21.554	39.996	20.202	38.234	19.23	19.833	37.007	37.936	18.518	36.101
wmt17	en-ru	online-A.0	0.061	23.827	25.046	23.827	25.046	23.542	24.726	45.112	46.914	21.582	41.428	20.318	39.699	19.391	20.383	38.469	39.865	18.698	37.542
wmt17	en-ru	online-G.0	0.054	27.114	28.288	27.114	28.288	27.017	28.314	48.282	50.086	24.959	44.445	23.542	42.544	22.457	23.545	41.155	42.542	21.631	40.083
wmt17	en-ru	jhu-pbmt.4986	-0.018	25.319	25.942	25.319	25.942	24.954	25.574	46.387	47.664	22.931	42.598	21.582	40.682	20.572	21.061	39.292	40.197	19.815	38.228
wmt17	en-ru	afrl-mitll-backtrans.4907	-0.194	25.373	26.287	25.373	26.287	22.811	23.226	45.08	46.363	21.158	41.513	20.031	39.767	19.167	19.572	38.505	39.474	18.507	37.544
wmt17	en-ru	online-F.0	-0.568	10.084	10.48	10.084	10.48	13.978	14.337	32.435	33.503	12.419	29.854	11.589	29.148	11.07	11.389	28.804	29.688	10.729	28.606
wmt17	en-fi	online-B.0	0.378	22.042	22.385	22.042	22.385	21.377	21.722	41.243	42.19	19.188	37.002	17.869	34.983	16.965	17.216	33.648	34.37	16.298	32.672
wmt17	en-fi	HY-HNMT.4961	0.305	20.722	21.144	20.722	21.144	20.373	20.817	40.116	41.229	18.336	36.137	17.121	34.26	16.278	16.614	33.006	33.876	15.659	32.097
wmt17	en-fi	online-G.0	0.09	15.511	16.201	15.511	16.201	16.815	17.569	35.376	36.886	14.847	31.348	13.798	29.641	13.102	13.699	28.566	29.632	12.594	27.797
wmt17	en-fi	jhu-nmt-lattice-rescore.4903	0.06	15.955	16.392	15.955	16.392	16.396	16.783	35.64	36.745	14.572	31.692	13.565	30.009	12.889	13.168	28.939	29.778	12.404	28.183
wmt17	en-fi	AaltoHnmtMultitask.4873	-0.004	20.281	20.621	20.281	20.621	20.368	20.733	40.01	41.054	18.342	36.099	17.149	34.319	16.332	16.609	33.144	33.96	15.734	32.293
wmt17	en-fi	AaltoHnmtFlatcat.4798	-0.102	17.149	17.445	17.149	17.445	16.801	16.942	35.78	36.637	15.216	32.346	14.255	30.839	13.595	13.673	29.839	30.478	13.11	29.109
wmt17	en-fi	online-A.0	-0.109	13.715	14.061	13.715	14.061	15.16	15.487	33.531	34.597	13.4	30.093	12.495	28.796	11.92	12.2	28.0	28.826	11.518	27.447
wmt17	en-fi	HY-SMT.4882	-0.115	15.871	16.207	15.871	16.207	16.674	17.132	35.37	36.51	14.895	31.821	13.926	30.393	13.277	13.596	29.478	30.327	12.801	28.815
wmt17	en-fi	HY-AH.4797	-0.192	9.33	9.811	9.33	9.811	12.238	12.905	29.428	30.802	10.61	26.137	9.813	24.874	9.334	9.843	24.149	25.169	9.011	23.664
wmt17	en-fi	jhu-pbmt.4968	-0.204	14.456	14.904	14.456	14.904	15.737	16.176	34.413	35.56	13.937	30.718	12.963	29.183	12.324	12.633	28.216	29.067	11.862	27.53
wmt17	en-fi	TALP-UPC.4939	-0.298	11.465	11.768	11.465	11.768	11.857	12.025	29.581	30.522	10.762	27.622	10.166	26.817	9.783	9.952	26.299	27.13	9.52	25.949
wmt17	en-fi	apertium-unconstrained.4769	-1.428	1.046	1.1	1.046	1.1	2.046	2.15	10.845	11.23	1.844	10.721	1.77	10.848	1.732	1.819	11.0	11.564	1.708	11.118
wmt17	en-tr	online-B.0	0.513	19.928	20.431	19.928	20.431	25.362	25.873	42.987	44.241	22.885	39.784	21.382	38.331	20.358	20.864	37.321	38.455	19.639	36.595
wmt17	en-tr	uedin-nmt.4932	0.206	16.426	17.023	16.426	17.023	18.989	19.44	37.182	38.545	17.141	34.699	16.05	33.468	15.325	15.762	32.618	33.848	14.817	31.992
wmt17	en-tr	online-A.0	0.071	11.62	14.054	11.62	14.054	17.407	19.922	34.514	37.918	15.46	31.602	14.491	30.546	13.899	15.722	29.953	32.445	13.508	29.558
wmt17	en-tr	online-G.0	-0.032	13.929	14.777	13.929	14.777	20.659	21.908	37.681	39.762	18.134	34.048	16.874	32.723	16.108	17.103	31.954	33.566	15.599	31.438
wmt17	en-tr	LIUM-NMT.4953	-0.129	16.034	16.343	16.034	16.343	19.099	19.628	36.339	37.522	17.305	34.132	16.233	33.021	15.522	16.01	32.232	33.425	15.024	31.644
wmt17	en-tr	jhu-nmt-lattice-rescore.4904	-0.554	10.371	10.878	10.371	10.878	14.608	15.243	31.551	33.139	12.787	28.363	11.936	27.417	11.432	11.953	26.93	28.19	11.109	26.624
wmt17	en-tr	jhu-pbmt.4970	-0.597	9.806	10.343	9.806	10.343	14.528	15.24	31.532	33.198	12.622	28.046	11.763	27.032	11.267	11.848	26.542	27.827	10.95	26.244
wmt17	en-tr	JAIST.4858	-0.602	9.981	10.471	9.981	10.471	16.116	17.051	32.659	34.478	13.916	28.931	12.984	27.968	12.448	13.175	27.501	28.797	12.111	27.217
wmt17	de-en	online-B.0	0.213	32.972	34.239	32.972	34.239	41.085	43.024	60.799	62.78	38.112	56.42	36.102	54.375	34.571	36.137	52.858	54.163	33.365	51.651
wmt17	de-en	online-A.0	0.169	32.485	34.028	32.485	34.028	39.894	42.527	60.334	62.629	36.932	55.864	34.936	53.821	33.412	35.542	52.307	53.915	32.213	51.096
wmt17	de-en	KIT.4951	0.165	34.562	36.081	34.562	36.081	41.259	43.527	61.404	63.524	38.346	56.901	36.336	54.749	34.8	36.706	53.164	54.622	33.588	51.9
wmt17	de-en	uedin-nmt.4723	0.162	35.117	36.483	35.117	36.483	41.726	43.732	61.924	63.945	38.753	57.349	36.734	55.193	35.18	36.85	53.604	54.936	33.938	52.325
wmt17	de-en	RWTH-nmt-ensemble.4920	0.131	33.12	34.542	33.12	34.542	39.943	41.708	60.476	62.43	37.048	55.92	35.075	53.819	33.565	35.025	52.277	53.554	32.377	51.055
wmt17	de-en	SYSTRAN.4846	0.098	33.165	34.286	33.165	34.286	40.369	42.158	60.726	62.632	37.4	56.257	35.431	54.291	33.93	35.373	52.843	54.098	32.751	51.683
wmt17	de-en	LIUM-NMT.4733	0.029	30.103	31.466	30.103	31.466	36.941	38.964	57.633	59.702	34.242	53.548	32.392	51.571	30.981	32.697	50.115	51.593	29.884	48.979
wmt17	de-en	TALP-UPC.4830	-0.058	28.093	29.278	28.093	29.278	36.706	38.549	56.997	59.031	33.713	52.928	31.892	51.361	30.563	32.043	50.228	51.504	29.555	49.336
wmt17	de-en	online-G.0	-0.072	26.042	29.166	26.042	29.166	36.586	42.378	56.342	60.389	33.399	51.748	31.437	49.788	30.003	34.676	48.423	51.342	28.933	47.386
wmt17	de-en	C-3MA.4958	-0.103	28.981	30.193	28.981	30.193	35.762	37.529	57.04	59.07	33.235	53.224	31.542	51.573	30.253	31.799	50.353	51.792	29.272	49.395
wmt17	de-en	online-F.0	-0.26	17.672	19.044	17.672	19.044	30.232	32.551	49.903	52.348	26.965	45.638	25.167	44.355	23.974	25.787	43.57	45.121	23.144	43.019
wmt17	cs-en	uedin-nmt.4955	0.181	30.948	31.863	30.948	31.863	39.357	40.763	58.341	60.112	36.272	54.134	34.376	52.303	32.949	34.031	50.988	52.008	31.857	49.945
wmt17	cs-en	online-B.0	0.068	27.448	28.366	27.448	28.366	36.519	38.045	55.913	57.768	33.601	52.08	31.844	50.516	30.572	31.682	49.42	50.467	29.608	48.555
wmt17	cs-en	online-A.0	-0.068	25.122	26.268	25.122	26.268	32.965	34.995	53.735	55.937	30.091	49.749	28.45	48.294	27.294	28.827	47.308	48.658	26.436	46.544
wmt17	cs-en	PJATK.4760	-0.268	23.152	23.859	23.152	23.859	36.006	37.258	53.805	55.61	32.762	50.049	30.924	48.587	29.655	30.574	47.587	48.571	28.735	46.811
